-- phpMyAdmin SQL Dump
-- version 4.0.10.18
-- https://www.phpmyadmin.net
--
-- Host: localhost:3306
-- Generation Time: Mar 03, 2018 at 12:16 PM
-- Server version: 5.6.36-cll-lve
-- PHP Version: 5.6.30

SET SQL_MODE = "NO_AUTO_VALUE_ON_ZERO";
SET time_zone = "+00:00";


/*!40101 SET @OLD_CHARACTER_SET_CLIENT=@@CHARACTER_SET_CLIENT */;
/*!40101 SET @OLD_CHARACTER_SET_RESULTS=@@CHARACTER_SET_RESULTS */;
/*!40101 SET @OLD_COLLATION_CONNECTION=@@COLLATION_CONNECTION */;
/*!40101 SET NAMES utf8 */;

--
-- Database: `smartgen`
--

-- --------------------------------------------------------

--
-- Table structure for table `admin`
--

CREATE TABLE IF NOT EXISTS `admin` (
  `AdminID` int(11) NOT NULL AUTO_INCREMENT,
  `Username` varchar(50) DEFAULT NULL,
  `Fullname` varchar(250) NOT NULL,
  `Email` varchar(100) DEFAULT NULL,
  `LastLogin` datetime DEFAULT NULL,
  `Password` varchar(200) NOT NULL,
  `SecuKy` varchar(50) NOT NULL,
  PRIMARY KEY (`AdminID`)
) ENGINE=InnoDB  DEFAULT CHARSET=latin1 AUTO_INCREMENT=3 ;

--
-- Dumping data for table `admin`
--

INSERT INTO `admin` (`AdminID`, `Username`, `Fullname`, `Email`, `LastLogin`, `Password`, `SecuKy`) VALUES
(1, 'schneider', 'Schneider Main', 'admin@schneider-electric.com', NULL, 'bd7cdd31ba07b93b22981305b264a2ab', 'schneider'),
(2, 'guest', 'Guest', 'guest@schneider-electric.com', NULL, '084e0343a0486ff05530df6c705c8bb4', 'guest');

-- --------------------------------------------------------

--
-- Table structure for table `bayutil`
--

CREATE TABLE IF NOT EXISTS `bayutil` (
  `Id` int(11) NOT NULL AUTO_INCREMENT,
  `BayDate` date DEFAULT NULL,
  `System` varchar(50) NOT NULL,
  `UsageTime` int(11) NOT NULL DEFAULT '0',
  `DownTime` int(11) NOT NULL DEFAULT '0',
  `IdleTime` int(11) NOT NULL DEFAULT '1440',
  `UsageStart` datetime DEFAULT NULL,
  `UsageEnd` datetime DEFAULT NULL,
  `DownStart` datetime DEFAULT NULL,
  `DownEnd` datetime DEFAULT NULL,
  `Status` varchar(50) NOT NULL DEFAULT 'idle',
  `StaticUsageTime` int(11) NOT NULL DEFAULT '0',
  `StaticDownTime` int(11) NOT NULL DEFAULT '0',
  `StaticIdleTime` int(11) NOT NULL DEFAULT '0',
  `SystemName` varchar(50) NOT NULL,
  PRIMARY KEY (`Id`)
) ENGINE=InnoDB  DEFAULT CHARSET=latin1 AUTO_INCREMENT=329 ;

--
-- Dumping data for table `bayutil`
--

INSERT INTO `bayutil` (`Id`, `BayDate`, `System`, `UsageTime`, `DownTime`, `IdleTime`, `UsageStart`, `UsageEnd`, `DownStart`, `DownEnd`, `Status`, `StaticUsageTime`, `StaticDownTime`, `StaticIdleTime`, `SystemName`) VALUES
(11, '2017-10-21', 'hipot 1', 15, 0, 1425, '2018-02-26 08:25:27', NULL, NULL, '2018-02-26 08:25:27', 'up', 15, 0, 1425, 'F848'),
(12, '2017-10-21', 'hipot 2', 0, 5, 1435, '2018-02-26 08:22:48', NULL, NULL, '2018-02-26 08:22:48', 'up', 0, 5, 1435, 'FT1347'),
(13, '2017-10-22', 'hipot 1', 0, 1318, 1440, '2018-02-26 08:25:27', NULL, NULL, '2018-02-26 08:25:27', 'up', 0, 0, 1440, 'FT1346'),
(14, '2017-10-22', 'hipot 2', 1318, 0, 1440, '2018-02-26 08:22:48', NULL, NULL, '2018-02-26 08:22:48', 'up', 0, 0, 1440, 'FT1346'),
(15, '2017-10-24', 'hipot 1', 139, 495, 818, '2018-02-26 08:25:27', NULL, NULL, '2018-02-26 08:25:27', 'up', 127, 495, 818, ''),
(16, '2017-10-24', 'hipot 2', 605, 29, 817, '2018-02-26 08:22:48', NULL, NULL, '2018-02-26 08:22:48', 'up', 594, 29, 817, ''),
(17, '2017-10-25', 'hipot 1', 200, 0, 1240, '2018-02-26 08:25:27', NULL, NULL, '2018-02-26 08:25:27', 'up', 200, 0, 1240, ''),
(18, '2017-10-25', 'hipot 2', 202, 0, 1238, '2018-02-26 08:22:48', NULL, NULL, '2018-02-26 08:22:48', 'up', 202, 0, 1238, ''),
(19, '2017-10-25', 'low power 1', 0, 0, 1440, '2018-02-27 06:35:46', NULL, NULL, '2018-02-27 06:35:46', 'up', 0, 0, 1440, ''),
(20, '2017-10-25', 'low power 2', 0, 0, 1440, '2018-02-27 06:37:15', NULL, NULL, '2018-02-27 06:37:15', 'up', 0, 0, 1440, ''),
(21, '2017-10-26', 'low power 1', 128, 0, 1312, '2018-02-27 06:35:46', NULL, NULL, '2018-02-27 06:35:46', 'up', 128, 0, 1312, ''),
(22, '2017-10-26', 'low power 2', 128, 0, 1312, '2018-02-27 06:37:15', NULL, NULL, '2018-02-27 06:37:15', 'up', 128, 0, 1312, ''),
(23, '2017-10-27', 'hipot 1', 503, 0, 937, '2018-02-26 08:25:27', NULL, NULL, '2018-02-26 08:25:27', 'up', 503, 0, 937, 'F848'),
(24, '2017-10-27', 'hipot 2', 524, 0, 916, '2018-02-26 08:22:48', NULL, NULL, '2018-02-26 08:22:48', 'up', 524, 0, 916, 'F838'),
(25, '2017-10-27', 'low power 1', 56, 1, 1383, '2018-02-27 06:35:46', NULL, NULL, '2018-02-27 06:35:46', 'up', 56, 1, 1383, 'FT1347'),
(26, '2017-10-28', 'low power 1', 226, 238, 976, '2018-02-27 06:35:46', NULL, NULL, '2018-02-27 06:35:46', 'up', 226, 238, 976, ''),
(27, '2017-10-28', 'burn in 1', 214, 0, 1226, '2018-02-27 06:23:21', NULL, NULL, '2018-02-27 06:23:21', 'up', 214, 0, 1226, 'FT1346'),
(28, '2017-10-28', 'fct 2', 0, 0, 1440, '2018-03-03 10:19:54', NULL, NULL, '2018-03-03 10:19:54', 'up', 0, 0, 1440, 'FT1362'),
(29, '2017-10-28', 'fct 1', 0, 0, 1440, '2018-03-03 10:18:31', NULL, NULL, '2018-03-03 10:18:31', 'up', 0, 0, 1440, 'FT1346'),
(30, '2017-10-29', 'burn in 1', 174, 0, 1411, '2018-02-27 06:23:21', NULL, NULL, '2018-02-27 06:23:21', 'up', 29, 0, 1411, 'none'),
(31, '2017-10-29', 'fct 1', 787, 0, 1440, '2018-03-03 10:18:31', NULL, NULL, '2018-03-03 10:18:31', 'up', 0, 0, 1440, 'none'),
(32, '2017-10-29', 'hipot 1', 55, 12, 1373, '2018-02-26 08:25:27', NULL, NULL, '2018-02-26 08:25:27', 'up', 55, 12, 1373, 'F848'),
(33, '2017-10-29', 'low power 1', 44, 14, 1382, '2018-02-27 06:35:46', NULL, NULL, '2018-02-27 06:35:46', 'up', 44, 14, 1382, 'FT1347'),
(34, '2017-10-29', 'hipot 2', 0, 0, 1440, '2018-02-26 08:22:48', NULL, NULL, '2018-02-26 08:22:48', 'up', 0, 0, 1440, 'F838'),
(35, '2017-10-31', 'hipot 1', 487, 71, 882, '2018-02-26 08:25:27', NULL, NULL, '2018-02-26 08:25:27', 'up', 487, 71, 882, 'F848'),
(36, '2017-10-31', 'low power 1', 0, 0, 1440, '2018-02-27 06:35:46', NULL, NULL, '2018-02-27 06:35:46', 'up', 0, 0, 1440, 'FT1347'),
(37, '2017-10-31', 'fct 2', 0, 0, 1440, '2018-03-03 10:19:54', NULL, NULL, '2018-03-03 10:19:54', 'up', 0, 0, 1440, 'FT1362'),
(38, '2017-11-01', 'low power 1', 75, 177, 1188, '2018-02-27 06:35:46', NULL, NULL, '2018-02-27 06:35:46', 'up', 75, 177, 1188, 'none'),
(39, '2017-11-01', 'fct 2', 258, 0, 1182, '2018-03-03 10:19:54', NULL, NULL, '2018-03-03 10:19:54', 'up', 258, 0, 1182, 'none'),
(40, '2017-11-01', 'burn in 1', 0, 0, 1440, '2018-02-27 06:23:21', NULL, NULL, '2018-02-27 06:23:21', 'up', 0, 0, 1440, 'FT1346'),
(41, '2017-11-01', 'fct 1', 742, 0, 1440, '2018-03-03 10:18:31', NULL, NULL, '2018-03-03 10:18:31', 'up', 0, 0, 1440, 'FT1346'),
(42, '2017-11-01', 'low power 2', 717, 0, 723, '2018-02-27 06:37:15', NULL, NULL, '2018-02-27 06:37:15', 'up', 717, 0, 723, 'FT1363'),
(43, '2017-11-01', 'hipot 1', 576, 68, 796, '2018-02-26 08:25:27', NULL, NULL, '2018-02-26 08:25:27', 'up', 576, 68, 796, 'F848'),
(44, '2017-11-02', 'low power 1', 455, 104, 881, '2018-02-27 06:35:46', NULL, NULL, '2018-02-27 06:35:46', 'up', 455, 104, 881, 'none'),
(45, '2017-11-02', 'burn in 1', 30, 0, 1440, '2018-02-27 06:23:21', NULL, NULL, '2018-02-27 06:23:21', 'up', 0, 0, 1440, 'FT1346'),
(46, '2017-11-04', 'burn in 1', 655, 0, 785, '2018-02-27 06:23:21', NULL, NULL, '2018-02-27 06:23:21', 'up', 655, 0, 785, 'none'),
(47, '2017-11-04', 'fct 1', 751, 0, 689, '2018-03-03 10:18:31', NULL, NULL, '2018-03-03 10:18:31', 'up', 751, 0, 689, 'FT1346'),
(48, '2017-11-05', 'fct 1', 0, 397, 1043, '2018-03-03 10:18:31', NULL, NULL, '2018-03-03 10:18:31', 'up', 0, 397, 1043, ''),
(49, '2017-11-26', 'hipot 1', 748, 0, 692, '2018-02-26 08:25:27', NULL, NULL, '2018-02-26 08:25:27', 'up', 748, 0, 692, 'F848'),
(50, '2017-11-26', 'hipot 2', 732, 0, 708, '2018-02-26 08:22:48', NULL, NULL, '2018-02-26 08:22:48', 'up', 732, 0, 708, 'F838'),
(51, '2017-11-26', 'low power 1', 0, 0, 1440, '2018-02-27 06:35:46', NULL, NULL, '2018-02-27 06:35:46', 'up', 0, 0, 1440, 'FT1347'),
(52, '2017-11-26', 'low power 2', 0, 0, 1440, '2018-02-27 06:37:15', NULL, NULL, '2018-02-27 06:37:15', 'up', 0, 0, 1440, 'FT1363'),
(53, '2017-11-27', 'low power 1', 583, 0, 857, '2018-02-27 06:35:46', NULL, NULL, '2018-02-27 06:35:46', 'up', 583, 0, 857, 'none'),
(54, '2017-11-27', 'low power 2', 584, 0, 856, '2018-02-27 06:37:15', NULL, NULL, '2018-02-27 06:37:15', 'up', 584, 0, 856, 'none'),
(55, '2017-11-27', 'burn in 1', 0, 0, 1440, '2018-02-27 06:23:21', NULL, NULL, '2018-02-27 06:23:21', 'up', 0, 0, 1440, 'FT1346'),
(56, '2017-11-27', 'burn in 2', 0, 0, 1440, '2018-02-27 06:24:52', NULL, NULL, '2018-02-27 06:24:52', 'up', 0, 0, 1440, 'FT1362'),
(57, '2017-11-28', 'burn in 1', 35, 0, 1405, '2018-02-27 06:23:21', NULL, NULL, '2018-02-27 06:23:21', 'up', 35, 0, 1405, 'none'),
(58, '2017-11-28', 'burn in 2', 36, 0, 1404, '2018-02-27 06:24:52', NULL, NULL, '2018-02-27 06:24:52', 'up', 36, 0, 1404, 'none'),
(59, '2017-11-28', 'fct 1', 0, 0, 1440, '2018-03-03 10:18:31', NULL, NULL, '2018-03-03 10:18:31', 'up', 0, 0, 1440, 'FT1346'),
(60, '2017-11-28', 'fct 2', 0, 0, 1440, '2018-03-03 10:19:54', NULL, NULL, '2018-03-03 10:19:54', 'up', 0, 0, 1440, 'FT1362'),
(61, '2017-11-29', 'fct 1', 38, 0, 1402, '2018-03-03 10:18:31', NULL, NULL, '2018-03-03 10:18:31', 'up', 38, 0, 1402, 'none'),
(62, '2017-11-29', 'fct 2', 38, 0, 1402, '2018-03-03 10:19:54', NULL, NULL, '2018-03-03 10:19:54', 'up', 38, 0, 1402, 'none'),
(63, '2017-12-16', 'hipot 1', 216, 184, 1040, '2018-02-26 08:25:27', NULL, NULL, '2018-02-26 08:25:27', 'up', 216, 184, 1040, 'F848'),
(64, '2017-12-16', 'hipot 2', 1021, 188, 231, '2018-02-26 08:22:48', NULL, NULL, '2018-02-26 08:22:48', 'up', 1021, 188, 231, 'F838'),
(65, '2017-12-16', 'low power 1', 679, 0, 761, '2018-02-27 06:35:46', NULL, NULL, '2018-02-27 06:35:46', 'up', 679, 0, 761, 'FT1347'),
(66, '2017-12-16', 'low power 2', 682, 0, 758, '2018-02-27 06:37:15', NULL, NULL, '2018-02-27 06:37:15', 'up', 682, 0, 758, 'FT1363'),
(67, '2017-12-16', 'burn in 1', 0, 0, 1440, '2018-02-27 06:23:21', NULL, NULL, '2018-02-27 06:23:21', 'up', 0, 0, 1440, 'FT1346'),
(68, '2017-12-16', 'burn in 2', 0, 0, 1440, '2018-02-27 06:24:52', NULL, NULL, '2018-02-27 06:24:52', 'up', 0, 0, 1440, 'FT1362'),
(69, '2017-12-17', 'hipot 1', 673, 0, 767, '2018-02-26 08:25:27', NULL, NULL, '2018-02-26 08:25:27', 'up', 673, 0, 767, 'none'),
(70, '2017-12-17', 'burn in 1', 125, 292, 1023, '2018-02-27 06:23:21', NULL, NULL, '2018-02-27 06:23:21', 'up', 125, 292, 1023, 'none'),
(71, '2017-12-17', 'hipot 2', 673, 0, 767, '2018-02-26 08:22:48', NULL, NULL, '2018-02-26 08:22:48', 'up', 673, 0, 767, 'none'),
(72, '2017-12-17', 'burn in 2', 0, 0, 1440, '2018-02-27 06:24:52', NULL, NULL, '2018-02-27 06:24:52', 'up', 0, 0, 1440, 'none'),
(73, '2017-12-17', 'fct 2', 128, 290, 1022, '2018-03-03 10:19:54', NULL, NULL, '2018-03-03 10:19:54', 'up', 128, 290, 1022, 'FT1362'),
(74, '2017-12-17', 'fct 1', 0, 0, 1440, '2018-03-03 10:18:31', NULL, NULL, '2018-03-03 10:18:31', 'up', 0, 0, 1440, 'FT1346'),
(75, '2017-12-18', 'fct 1', 0, 0, 1440, '2018-03-03 10:18:31', NULL, NULL, '2018-03-03 10:18:31', 'up', 0, 0, 1440, 'none'),
(76, '2017-12-18', 'fct 2', 0, 0, 1440, '2018-03-03 10:19:54', NULL, NULL, '2018-03-03 10:19:54', 'up', 0, 0, 1440, 'none'),
(77, '2017-12-18', 'low power 1', 0, 0, 1440, '2018-02-27 06:35:46', NULL, NULL, '2018-02-27 06:35:46', 'up', 0, 0, 1440, 'FT1347'),
(78, '2017-12-18', 'low power 2', 0, 0, 1440, '2018-02-27 06:37:15', NULL, NULL, '2018-02-27 06:37:15', 'up', 0, 0, 1440, 'FT1363'),
(79, '2017-12-19', 'low power 1', 576, 0, 864, '2018-02-27 06:35:46', NULL, NULL, '2018-02-27 06:35:46', 'up', 576, 0, 864, 'none'),
(80, '2017-12-19', 'fct 1', 570, 0, 870, '2018-03-03 10:18:31', NULL, NULL, '2018-03-03 10:18:31', 'up', 570, 0, 870, 'none'),
(81, '2017-12-19', 'low power 2', 577, 0, 863, '2018-02-27 06:37:15', NULL, NULL, '2018-02-27 06:37:15', 'up', 577, 0, 863, 'none'),
(82, '2017-12-19', 'fct 2', 572, 0, 868, '2018-03-03 10:19:54', NULL, NULL, '2018-03-03 10:19:54', 'up', 572, 0, 868, 'none'),
(83, '2017-12-19', 'burn in 1', 0, 0, 1440, '2018-02-27 06:23:21', NULL, NULL, '2018-02-27 06:23:21', 'up', 0, 0, 1440, 'FT1346'),
(84, '2017-12-19', 'burn in 2', 0, 0, 1440, '2018-02-27 06:24:52', NULL, NULL, '2018-02-27 06:24:52', 'up', 0, 0, 1440, 'FT1362'),
(85, '2017-12-20', 'burn in 1', 448, 0, 992, '2018-02-27 06:23:21', NULL, NULL, '2018-02-27 06:23:21', 'up', 448, 0, 992, 'none'),
(86, '2017-12-20', 'burn in 2', 449, 0, 991, '2018-02-27 06:24:52', NULL, NULL, '2018-02-27 06:24:52', 'up', 449, 0, 991, 'none'),
(87, '2017-12-20', 'hipot 1', 48, 183, 1209, '2018-02-26 08:25:27', NULL, NULL, '2018-02-26 08:25:27', 'up', 48, 183, 1209, 'F848'),
(88, '2017-12-20', 'hipot 2', 150, 0, 1440, '2018-02-26 08:22:48', NULL, NULL, '2018-02-26 08:22:48', 'up', 0, 0, 1440, 'F838'),
(89, '2017-12-20', 'fct 1', 147, 0, 1440, '2018-03-03 10:18:31', NULL, NULL, '2018-03-03 10:18:31', 'up', 0, 0, 1440, 'FT1346'),
(90, '2017-12-20', 'fct 2', 136, 90, 1214, '2018-03-03 10:19:54', NULL, NULL, '2018-03-03 10:19:54', 'up', 136, 90, 1214, 'FT1362'),
(91, '2017-12-21', 'hipot 1', 1196, 0, 244, '2018-02-26 08:25:27', NULL, NULL, '2018-02-26 08:25:27', 'up', 1196, 0, 244, 'none'),
(92, '2017-12-21', 'fct 1', 401, 0, 1039, '2018-03-03 10:18:31', NULL, NULL, '2018-03-03 10:18:31', 'up', 401, 0, 1039, 'none'),
(93, '2017-12-21', 'hipot 2', 1198, 0, 242, '2018-02-26 08:22:48', NULL, NULL, '2018-02-26 08:22:48', 'up', 1198, 0, 242, 'none'),
(94, '2017-12-21', 'fct 2', 402, 0, 1038, '2018-03-03 10:19:54', NULL, NULL, '2018-03-03 10:19:54', 'up', 402, 0, 1038, 'none'),
(95, '2017-12-21', 'low power 1', 91, 0, 1349, '2018-02-27 06:35:46', NULL, NULL, '2018-02-27 06:35:46', 'up', 91, 0, 1349, 'FT1347'),
(96, '2017-12-21', 'low power 2', 51, 138, 1251, '2018-02-27 06:37:15', NULL, NULL, '2018-02-27 06:37:15', 'up', 51, 138, 1251, 'FT1363'),
(97, '2017-12-21', 'burn in 1', 790, 0, 650, '2018-02-27 06:23:21', NULL, NULL, '2018-02-27 06:23:21', 'up', 790, 0, 650, 'FT1346'),
(98, '2017-12-21', 'burn in 2', 791, 0, 649, '2018-02-27 06:24:52', NULL, NULL, '2018-02-27 06:24:52', 'up', 791, 0, 649, 'FT1362'),
(99, '2017-12-22', 'low power 1', 411, 139, 890, '2018-02-27 06:35:46', NULL, NULL, '2018-02-27 06:35:46', 'up', 411, 139, 890, 'none'),
(100, '2017-12-22', 'fct 1', 553, 0, 887, '2018-03-03 10:18:31', NULL, NULL, '2018-03-03 10:18:31', 'up', 553, 0, 887, 'none'),
(101, '2017-12-22', 'low power 2', 413, 137, 890, '2018-02-27 06:37:15', NULL, NULL, '2018-02-27 06:37:15', 'up', 413, 137, 890, 'none'),
(102, '2017-12-22', 'fct 2', 554, 0, 886, '2018-03-03 10:19:54', NULL, NULL, '2018-03-03 10:19:54', 'up', 554, 0, 886, 'none'),
(103, '2017-12-22', 'hipot 1', 373, 0, 1067, '2018-02-26 08:25:27', NULL, NULL, '2018-02-26 08:25:27', 'up', 373, 0, 1067, 'F848'),
(104, '2017-12-22', 'burn in 1', 0, 0, 1440, '2018-02-27 06:23:21', NULL, NULL, '2018-02-27 06:23:21', 'up', 0, 0, 1440, 'FT1346'),
(105, '2017-12-22', 'burn in 2', 0, 0, 1440, '2018-02-27 06:24:52', NULL, NULL, '2018-02-27 06:24:52', 'up', 0, 0, 1440, 'FT1362'),
(106, '2017-12-23', 'burn in 1', 0, 0, 1440, '2018-02-27 06:23:21', NULL, NULL, '2018-02-27 06:23:21', 'up', 0, 0, 1440, 'none'),
(107, '2017-12-23', 'burn in 2', 0, 0, 1440, '2018-02-27 06:24:52', NULL, NULL, '2018-02-27 06:24:52', 'up', 0, 0, 1440, 'none'),
(108, '2017-12-24', 'burn in 1', 105, 0, 1335, '2018-02-27 06:23:21', NULL, NULL, '2018-02-27 06:23:21', 'up', 105, 0, 1335, 'none'),
(109, '2017-12-24', 'burn in 2', 106, 0, 1334, '2018-02-27 06:24:52', NULL, NULL, '2018-02-27 06:24:52', 'up', 106, 0, 1334, 'none'),
(110, '2017-12-24', 'fct 1', 0, 0, 1440, '2018-03-03 10:18:31', NULL, NULL, '2018-03-03 10:18:31', 'up', 0, 0, 1440, 'FT1346'),
(111, '2017-12-24', 'fct 2', 0, 0, 1440, '2018-03-03 10:19:54', NULL, NULL, '2018-03-03 10:19:54', 'up', 0, 0, 1440, 'FT1362'),
(112, '2017-12-24', 'hipot 1', 0, 0, 1440, '2018-02-26 08:25:27', NULL, NULL, '2018-02-26 08:25:27', 'up', 0, 0, 1440, 'F848'),
(113, '2017-12-25', 'hipot 1', 567, 0, 873, '2018-02-26 08:25:27', NULL, NULL, '2018-02-26 08:25:27', 'up', 567, 0, 873, 'none'),
(114, '2017-12-25', 'fct 1', 570, 0, 870, '2018-03-03 10:18:31', NULL, NULL, '2018-03-03 10:18:31', 'up', 570, 0, 870, 'none'),
(115, '2017-12-25', 'fct 2', 571, 0, 869, '2018-03-03 10:19:54', NULL, NULL, '2018-03-03 10:19:54', 'up', 571, 0, 869, 'none'),
(116, '2017-12-25', 'low power 1', 0, 0, 1440, '2018-02-27 06:35:46', NULL, NULL, '2018-02-27 06:35:46', 'up', 0, 0, 1440, 'FT1347'),
(117, '2017-12-27', 'low power 1', -16, 0, 1456, '2018-02-27 06:35:46', NULL, NULL, '2018-02-27 06:35:46', 'up', -16, 0, 1456, 'none'),
(118, '2017-12-27', 'burn in 1', 0, 0, 1440, '2018-02-27 06:23:21', NULL, NULL, '2018-02-27 06:23:21', 'up', 0, 0, 1440, 'FT1346'),
(119, '2017-12-27', 'hipot 1', 0, 0, 1440, '2018-02-26 08:25:27', NULL, NULL, '2018-02-26 08:25:27', 'up', 0, 0, 1440, 'F848'),
(120, '2017-12-27', 'hipot 2', 0, 0, 1440, '2018-02-26 08:22:48', NULL, NULL, '2018-02-26 08:22:48', 'up', 0, 0, 1440, 'F838'),
(121, '2017-12-28', 'hipot 1', 551, 0, 1440, '2018-02-26 08:25:27', NULL, NULL, '2018-02-26 08:25:27', 'up', 0, 0, 1440, 'none'),
(122, '2017-12-28', 'burn in 1', 551, 0, 1440, '2018-02-27 06:23:21', NULL, NULL, '2018-02-27 06:23:21', 'up', 0, 0, 1440, 'none'),
(123, '2017-12-28', 'hipot 2', 551, 0, 1440, '2018-02-26 08:22:48', NULL, NULL, '2018-02-26 08:22:48', 'up', 0, 0, 1440, 'none'),
(124, '2017-12-29', 'hipot 1', 0, 0, 1440, '2018-02-26 08:25:27', NULL, NULL, '2018-02-26 08:25:27', 'up', 0, 0, 1440, 'none'),
(125, '2017-12-29', 'burn in 1', 0, 0, 1440, '2018-02-27 06:23:21', NULL, NULL, '2018-02-27 06:23:21', 'up', 0, 0, 1440, 'none'),
(126, '2017-12-29', 'hipot 2', 0, 0, 1440, '2018-02-26 08:22:48', NULL, NULL, '2018-02-26 08:22:48', 'up', 0, 0, 1440, 'none'),
(127, '2017-12-31', 'hipot 1', 410, 0, 1440, '2018-02-26 08:25:27', NULL, NULL, '2018-02-26 08:25:27', 'up', 0, 0, 1440, 'none'),
(128, '2017-12-31', 'burn in 1', 410, 0, 1440, '2018-02-27 06:23:21', NULL, NULL, '2018-02-27 06:23:21', 'up', 0, 0, 1440, 'none'),
(129, '2017-12-31', 'hipot 2', 410, 0, 1440, '2018-02-26 08:22:48', NULL, NULL, '2018-02-26 08:22:48', 'up', 0, 0, 1440, 'none'),
(130, '2018-01-01', 'hipot 1', 456, 0, 984, '2018-02-26 08:25:27', NULL, NULL, '2018-02-26 08:25:27', 'up', 456, 0, 984, 'none'),
(131, '2018-01-01', 'burn in 1', 456, 0, 984, '2018-02-27 06:23:21', NULL, NULL, '2018-02-27 06:23:21', 'up', 456, 0, 984, 'none'),
(132, '2018-01-01', 'hipot 2', 457, 0, 983, '2018-02-26 08:22:48', NULL, NULL, '2018-02-26 08:22:48', 'up', 457, 0, 983, 'none'),
(133, '2018-01-01', 'fct 1', 0, 0, 1440, '2018-03-03 10:18:31', NULL, NULL, '2018-03-03 10:18:31', 'up', 0, 0, 1440, 'FT1346'),
(134, '2018-01-01', 'low power 1', 0, 0, 1440, '2018-02-27 06:35:46', NULL, NULL, '2018-02-27 06:35:46', 'up', 0, 0, 1440, 'FT1347'),
(135, '2018-01-01', 'low power 2', 0, 0, 1440, '2018-02-27 06:37:15', NULL, NULL, '2018-02-27 06:37:15', 'up', 0, 0, 1440, 'FT1363'),
(136, '2018-01-05', 'hipot 1', 584, 0, 856, '2018-02-26 08:25:27', NULL, NULL, '2018-02-26 08:25:27', 'up', 584, 0, 856, 'none'),
(137, '2018-01-05', 'low power 1', 582, 0, 858, '2018-02-27 06:35:46', NULL, NULL, '2018-02-27 06:35:46', 'up', 582, 0, 858, 'none'),
(138, '2018-01-05', 'fct 1', 581, 0, 859, '2018-03-03 10:18:31', NULL, NULL, '2018-03-03 10:18:31', 'up', 581, 0, 859, 'none'),
(139, '2018-01-05', 'hipot 2', 585, 0, 855, '2018-02-26 08:22:48', NULL, NULL, '2018-02-26 08:22:48', 'up', 585, 0, 855, 'none'),
(140, '2018-01-05', 'low power 2', 584, 0, 856, '2018-02-27 06:37:15', NULL, NULL, '2018-02-27 06:37:15', 'up', 584, 0, 856, 'none'),
(141, '2018-01-05', 'burn in 1', 0, 0, 1440, '2018-02-27 06:23:21', NULL, NULL, '2018-02-27 06:23:21', 'up', 0, 0, 1440, 'FT1346'),
(142, '2018-01-05', 'burn in 2', 0, 0, 1440, '2018-02-27 06:24:52', NULL, NULL, '2018-02-27 06:24:52', 'up', 0, 0, 1440, 'FT1362'),
(143, '2018-01-06', 'low power 1', 19, 0, 1421, '2018-02-27 06:35:46', NULL, NULL, '2018-02-27 06:35:46', 'up', 19, 0, 1421, 'none'),
(144, '2018-01-06', 'burn in 1', 18, 0, 1422, '2018-02-27 06:23:21', NULL, NULL, '2018-02-27 06:23:21', 'up', 18, 0, 1422, 'none'),
(145, '2018-01-06', 'low power 2', 21, 0, 1419, '2018-02-27 06:37:15', NULL, NULL, '2018-02-27 06:37:15', 'up', 21, 0, 1419, 'none'),
(146, '2018-01-06', 'burn in 2', 19, 0, 1421, '2018-02-27 06:24:52', NULL, NULL, '2018-02-27 06:24:52', 'up', 19, 0, 1421, 'none'),
(147, '2018-01-06', 'fct 1', 582, 0, 858, '2018-03-03 10:18:31', NULL, NULL, '2018-03-03 10:18:31', 'up', 582, 0, 858, 'FT1346'),
(148, '2018-01-06', 'fct 2', 578, 0, 862, '2018-03-03 10:19:54', NULL, NULL, '2018-03-03 10:19:54', 'up', 578, 0, 862, 'FT1362'),
(149, '2018-01-06', 'hipot 1', 589, 0, 851, '2018-02-26 08:25:27', NULL, NULL, '2018-02-26 08:25:27', 'up', 589, 0, 851, 'F848'),
(150, '2018-01-06', 'hipot 2', 589, 0, 851, '2018-02-26 08:22:48', NULL, NULL, '2018-02-26 08:22:48', 'up', 589, 0, 851, 'F838'),
(151, '2018-01-07', 'low power 1', 618, 0, 822, '2018-02-27 06:35:46', NULL, NULL, '2018-02-27 06:35:46', 'up', 618, 0, 822, 'none'),
(152, '2018-01-07', 'burn in 1', 616, 0, 824, '2018-02-27 06:23:21', NULL, NULL, '2018-02-27 06:23:21', 'up', 616, 0, 824, 'none'),
(153, '2018-01-07', 'low power 2', 617, 0, 823, '2018-02-27 06:37:15', NULL, NULL, '2018-02-27 06:37:15', 'up', 617, 0, 823, 'none'),
(154, '2018-01-07', 'burn in 2', 618, 0, 822, '2018-02-27 06:24:52', NULL, NULL, '2018-02-27 06:24:52', 'up', 618, 0, 822, 'none'),
(155, '2018-01-07', 'fct 1', 0, 0, 1440, '2018-03-03 10:18:31', NULL, NULL, '2018-03-03 10:18:31', 'up', 0, 0, 1440, 'FT1346'),
(156, '2018-01-07', 'fct 2', 0, 0, 1440, '2018-03-03 10:19:54', NULL, NULL, '2018-03-03 10:19:54', 'up', 0, 0, 1440, 'FT1362'),
(157, '2018-01-09', 'fct 1', 584, 0, 856, '2018-03-03 10:18:31', NULL, NULL, '2018-03-03 10:18:31', 'up', 584, 0, 856, 'none'),
(158, '2018-01-09', 'fct 2', 585, 0, 855, '2018-03-03 10:19:54', NULL, NULL, '2018-03-03 10:19:54', 'up', 585, 0, 855, 'none'),
(159, '2018-01-09', 'burn in 1', 800, 0, 1440, '2018-02-27 06:23:21', NULL, NULL, '2018-02-27 06:23:21', 'up', 0, 0, 1440, 'FT1346'),
(160, '2018-01-09', 'burn in 2', 798, 0, 1440, '2018-02-27 06:24:52', NULL, NULL, '2018-02-27 06:24:52', 'up', 0, 0, 1440, 'FT1362'),
(161, '2018-01-09', 'hipot 1', 794, 0, 1440, '2018-02-26 08:25:27', NULL, NULL, '2018-02-26 08:25:27', 'up', 0, 0, 1440, 'F848'),
(162, '2018-01-09', 'hipot 2', 793, 0, 1440, '2018-02-26 08:22:48', NULL, NULL, '2018-02-26 08:22:48', 'up', 0, 0, 1440, 'F838'),
(163, '2018-01-10', 'hipot 1', 143, 5, 1292, '2018-02-26 08:25:27', NULL, NULL, '2018-02-26 08:25:27', 'up', 143, 5, 1292, 'none'),
(164, '2018-01-10', 'burn in 1', 0, 0, 1440, '2018-02-27 06:23:21', NULL, NULL, '2018-02-27 06:23:21', 'up', 0, 0, 1440, 'none'),
(165, '2018-01-10', 'hipot 2', 0, 0, 1440, '2018-02-26 08:22:48', NULL, NULL, '2018-02-26 08:22:48', 'up', 0, 0, 1440, 'none'),
(166, '2018-01-10', 'burn in 2', 0, 0, 1440, '2018-02-27 06:24:52', NULL, NULL, '2018-02-27 06:24:52', 'up', 0, 0, 1440, 'none'),
(167, '2018-01-11', 'hipot 1', 591, 0, 849, '2018-02-26 08:25:27', NULL, NULL, '2018-02-26 08:25:27', 'up', 591, 0, 849, 'none'),
(168, '2018-01-11', 'burn in 1', 594, 0, 846, '2018-02-27 06:23:21', NULL, NULL, '2018-02-27 06:23:21', 'up', 594, 0, 846, 'none'),
(169, '2018-01-11', 'hipot 2', 593, 0, 847, '2018-02-26 08:22:48', NULL, NULL, '2018-02-26 08:22:48', 'up', 593, 0, 847, 'none'),
(170, '2018-01-11', 'burn in 2', 595, 0, 845, '2018-02-27 06:24:52', NULL, NULL, '2018-02-27 06:24:52', 'up', 595, 0, 845, 'none'),
(171, '2018-01-11', 'low power 1', 0, 0, 1440, '2018-02-27 06:35:46', NULL, NULL, '2018-02-27 06:35:46', 'up', 0, 0, 1440, 'FT1347'),
(172, '2018-01-11', 'fct 1', 0, 0, 1440, '2018-03-03 10:18:31', NULL, NULL, '2018-03-03 10:18:31', 'up', 0, 0, 1440, 'FT1346'),
(173, '2018-01-11', 'fct 2', 0, 0, 1440, '2018-03-03 10:19:54', NULL, NULL, '2018-03-03 10:19:54', 'up', 0, 0, 1440, 'FT1362'),
(174, '2018-01-11', 'low power 2', 0, 0, 1440, '2018-02-27 06:37:15', NULL, NULL, '2018-02-27 06:37:15', 'up', 0, 0, 1440, 'FT1363'),
(175, '2018-01-12', 'low power 1', 574, 0, 866, '2018-02-27 06:35:46', NULL, NULL, '2018-02-27 06:35:46', 'up', 574, 0, 866, 'none'),
(176, '2018-01-12', 'fct 1', 567, 0, 873, '2018-03-03 10:18:31', NULL, NULL, '2018-03-03 10:18:31', 'up', 567, 0, 873, 'none'),
(177, '2018-01-12', 'low power 2', 575, 0, 865, '2018-02-27 06:37:15', NULL, NULL, '2018-02-27 06:37:15', 'up', 575, 0, 865, 'none'),
(178, '2018-01-12', 'fct 2', 568, 0, 872, '2018-03-03 10:19:54', NULL, NULL, '2018-03-03 10:19:54', 'up', 568, 0, 872, 'none'),
(179, '2018-01-12', 'burn in 2', 0, 0, 1440, '2018-02-27 06:24:52', NULL, NULL, '2018-02-27 06:24:52', 'up', 0, 0, 1440, 'FT1362'),
(180, '2018-01-13', 'low power 1', 582, 0, 858, '2018-02-27 06:35:46', NULL, NULL, '2018-02-27 06:35:46', 'up', 582, 0, 858, 'none'),
(181, '2018-01-13', 'burn in 2', 577, 0, 863, '2018-02-27 06:24:52', NULL, NULL, '2018-02-27 06:24:52', 'up', 577, 0, 863, 'none'),
(182, '2018-01-13', 'fct 2', 0, 0, 1440, '2018-03-03 10:19:54', NULL, NULL, '2018-03-03 10:19:54', 'up', 0, 0, 1440, 'FT1362'),
(183, '2018-01-13', 'burn in 1', 0, 0, 1440, '2018-02-27 06:23:21', NULL, NULL, '2018-02-27 06:23:21', 'up', 0, 0, 1440, 'FT1346'),
(184, '2018-01-18', 'burn in 1', 855, 0, 1440, '2018-02-27 06:23:21', NULL, NULL, '2018-02-27 06:23:21', 'up', 0, 0, 1440, 'none'),
(185, '2018-01-18', 'fct 2', 855, 0, 1440, '2018-03-03 10:19:54', NULL, NULL, '2018-03-03 10:19:54', 'up', 0, 0, 1440, 'none'),
(186, '2018-01-18', 'hipot 1', 0, 3, 1437, '2018-02-26 08:25:27', NULL, NULL, '2018-02-26 08:25:27', 'up', 0, 3, 1437, 'F848'),
(187, '2018-01-21', 'burn in 1', 0, 0, 1440, '2018-02-27 06:23:21', NULL, NULL, '2018-02-27 06:23:21', 'up', 0, 0, 1440, 'none'),
(188, '2018-01-21', 'fct 2', 0, 0, 1440, '2018-03-03 10:19:54', NULL, NULL, '2018-03-03 10:19:54', 'up', 0, 0, 1440, 'none'),
(189, '2018-01-25', 'burn in 1', 651, 0, 789, '2018-02-27 06:23:21', NULL, NULL, '2018-02-27 06:23:21', 'up', 651, 0, 789, 'none'),
(190, '2018-01-25', 'fct 2', 652, 0, 788, '2018-03-03 10:19:54', NULL, NULL, '2018-03-03 10:19:54', 'up', 652, 0, 788, 'none'),
(191, '2018-01-25', 'fct 1', 0, 0, 1440, '2018-03-03 10:18:31', NULL, NULL, '2018-03-03 10:18:31', 'up', 0, 0, 1440, 'FT1346'),
(192, '2018-01-25', 'burn in 2', 0, 0, 1440, '2018-02-27 06:24:52', NULL, NULL, '2018-02-27 06:24:52', 'up', 0, 0, 1440, 'FT1362'),
(193, '2018-01-25', 'hipot 1', 0, 0, 1440, '2018-02-26 08:25:27', NULL, NULL, '2018-02-26 08:25:27', 'up', 0, 0, 1440, 'F848'),
(194, '2018-01-26', 'hipot 1', 0, 0, 1440, '2018-02-26 08:25:27', NULL, NULL, '2018-02-26 08:25:27', 'up', 0, 0, 1440, 'none'),
(195, '2018-01-26', 'fct 1', 0, 0, 1440, '2018-03-03 10:18:31', NULL, NULL, '2018-03-03 10:18:31', 'up', 0, 0, 1440, 'none'),
(196, '2018-01-26', 'burn in 2', 0, 0, 1440, '2018-02-27 06:24:52', NULL, NULL, '2018-02-27 06:24:52', 'up', 0, 0, 1440, 'none'),
(197, '2018-02-05', 'hipot 1', 643, 0, 797, '2018-02-26 08:25:27', NULL, NULL, '2018-02-26 08:25:27', 'up', 643, 0, 797, 'none'),
(198, '2018-02-05', 'fct 1', 635, 0, 805, '2018-03-03 10:18:31', NULL, NULL, '2018-03-03 10:18:31', 'up', 635, 0, 805, 'none'),
(199, '2018-02-05', 'burn in 2', 645, 0, 795, '2018-02-27 06:24:52', NULL, NULL, '2018-02-27 06:24:52', 'up', 645, 0, 795, 'none'),
(200, '2018-02-05', 'low power 1', 0, 0, 1440, '2018-02-27 06:35:46', NULL, NULL, '2018-02-27 06:35:46', 'up', 0, 0, 1440, 'FT1347'),
(201, '2018-02-05', 'fct 2', 0, 0, 1440, '2018-03-03 10:19:54', NULL, NULL, '2018-03-03 10:19:54', 'up', 0, 0, 1440, 'FT1362'),
(202, '2018-02-07', 'low power 1', 476, 0, 964, '2018-02-27 06:35:46', NULL, NULL, '2018-02-27 06:35:46', 'up', 476, 0, 964, 'none'),
(203, '2018-02-07', 'fct 2', 479, 0, 961, '2018-03-03 10:19:54', NULL, NULL, '2018-03-03 10:19:54', 'up', 479, 0, 961, 'none'),
(204, '2018-02-07', 'burn in 1', 0, 0, 1440, '2018-02-27 06:23:21', NULL, NULL, '2018-02-27 06:23:21', 'up', 0, 0, 1440, 'FT1346'),
(205, '2018-02-07', 'hipot 1', 0, 0, 1440, '2018-02-26 08:25:27', NULL, NULL, '2018-02-26 08:25:27', 'up', 0, 0, 1440, 'F848'),
(206, '2018-02-07', 'hipot 2', 0, 0, 1440, '2018-02-26 08:22:48', NULL, NULL, '2018-02-26 08:22:48', 'up', 0, 0, 1440, 'F838'),
(207, '2018-02-08', 'hipot 1', 662, 0, 778, '2018-02-26 08:25:27', NULL, NULL, '2018-02-26 08:25:27', 'up', 662, 0, 778, 'none'),
(208, '2018-02-08', 'burn in 1', 659, 0, 781, '2018-02-27 06:23:21', NULL, NULL, '2018-02-27 06:23:21', 'up', 659, 0, 781, 'none'),
(209, '2018-02-08', 'hipot 2', 663, 0, 777, '2018-02-26 08:22:48', NULL, NULL, '2018-02-26 08:22:48', 'up', 663, 0, 777, 'none'),
(210, '2018-02-08', 'fct 1', 0, 0, 1440, '2018-03-03 10:18:31', NULL, NULL, '2018-03-03 10:18:31', 'up', 0, 0, 1440, 'FT1346'),
(211, '2018-02-08', 'low power 1', 0, 0, 1440, '2018-02-27 06:35:46', NULL, NULL, '2018-02-27 06:35:46', 'up', 0, 0, 1440, 'FT1347'),
(212, '2018-02-08', 'low power 2', 0, 0, 1440, '2018-02-27 06:37:15', NULL, NULL, '2018-02-27 06:37:15', 'up', 0, 0, 1440, 'FT1363'),
(213, '2018-02-09', 'low power 1', 578, 0, 862, '2018-02-27 06:35:46', NULL, NULL, '2018-02-27 06:35:46', 'up', 578, 0, 862, 'none'),
(214, '2018-02-09', 'fct 1', 577, 0, 863, '2018-03-03 10:18:31', NULL, NULL, '2018-03-03 10:18:31', 'up', 577, 0, 863, 'none'),
(215, '2018-02-09', 'low power 2', 579, 0, 861, '2018-02-27 06:37:15', NULL, NULL, '2018-02-27 06:37:15', 'up', 579, 0, 861, 'none'),
(216, '2018-02-09', 'burn in 1', 0, 0, 1440, '2018-02-27 06:23:21', NULL, NULL, '2018-02-27 06:23:21', 'up', 0, 0, 1440, 'FT1346'),
(217, '2018-02-09', 'burn in 2', 0, 0, 1440, '2018-02-27 06:24:52', NULL, NULL, '2018-02-27 06:24:52', 'up', 0, 0, 1440, 'FT1362'),
(218, '2018-02-10', 'burn in 1', 75, 0, 1365, '2018-02-27 06:23:21', NULL, NULL, '2018-02-27 06:23:21', 'up', 75, 0, 1365, 'none'),
(219, '2018-02-10', 'burn in 2', 504, 0, 936, '2018-02-27 06:24:52', NULL, NULL, '2018-02-27 06:24:52', 'up', 504, 0, 936, 'none'),
(220, '2018-02-10', 'fct 2', 71, 0, 1369, '2018-03-03 10:19:54', NULL, NULL, '2018-03-03 10:19:54', 'up', 71, 0, 1369, 'FT1362'),
(221, '2018-02-10', 'fct 1', 67, 0, 1373, '2018-03-03 10:18:31', NULL, NULL, '2018-03-03 10:18:31', 'up', 67, 0, 1373, 'FT1346'),
(222, '2018-02-10', 'hipot 1', 162, 0, 1278, '2018-02-26 08:25:27', NULL, NULL, '2018-02-26 08:25:27', 'up', 162, 0, 1278, 'F848'),
(223, '2018-02-10', 'hipot 2', 161, 0, 1279, '2018-02-26 08:22:48', NULL, NULL, '2018-02-26 08:22:48', 'up', 161, 0, 1279, 'F838'),
(224, '2018-02-10', 'low power 1', 0, 0, 1440, '2018-02-27 06:35:46', NULL, NULL, '2018-02-27 06:35:46', 'up', 0, 0, 1440, 'FT1347'),
(225, '2018-02-10', 'low power 2', 0, 0, 1440, '2018-02-27 06:37:15', NULL, NULL, '2018-02-27 06:37:15', 'up', 0, 0, 1440, 'FT1363'),
(226, '2018-02-11', 'low power 1', 87, 0, 1353, '2018-02-27 06:35:46', NULL, NULL, '2018-02-27 06:35:46', 'up', 87, 0, 1353, 'none'),
(227, '2018-02-11', 'low power 2', 88, 0, 1352, '2018-02-27 06:37:15', NULL, NULL, '2018-02-27 06:37:15', 'up', 88, 0, 1352, 'none'),
(228, '2018-02-11', 'hipot 1', 558, 0, 882, '2018-02-26 08:25:27', NULL, NULL, '2018-02-26 08:25:27', 'up', 558, 0, 882, 'F848'),
(229, '2018-02-11', 'burn in 1', 553, 0, 887, '2018-02-27 06:23:21', NULL, NULL, '2018-02-27 06:23:21', 'up', 553, 0, 887, 'FT1346'),
(230, '2018-02-11', 'burn in 2', 553, 0, 887, '2018-02-27 06:24:52', NULL, NULL, '2018-02-27 06:24:52', 'up', 553, 0, 887, 'FT1362'),
(231, '2018-02-11', 'fct 1', 0, 0, 1440, '2018-03-03 10:18:31', NULL, NULL, '2018-03-03 10:18:31', 'up', 0, 0, 1440, 'FT1346'),
(232, '2018-02-11', 'fct 2', 0, 0, 1440, '2018-03-03 10:19:54', NULL, NULL, '2018-03-03 10:19:54', 'up', 0, 0, 1440, 'FT1362'),
(233, '2018-02-12', 'low power 1', 597, 0, 843, '2018-02-27 06:35:46', NULL, NULL, '2018-02-27 06:35:46', 'up', 597, 0, 843, 'none'),
(234, '2018-02-12', 'fct 1', 592, 0, 848, '2018-03-03 10:18:31', NULL, NULL, '2018-03-03 10:18:31', 'up', 592, 0, 848, 'none'),
(235, '2018-02-12', 'fct 2', 594, 0, 846, '2018-03-03 10:19:54', NULL, NULL, '2018-03-03 10:19:54', 'up', 594, 0, 846, 'none'),
(236, '2018-02-12', 'burn in 1', 0, 0, 1440, '2018-02-27 06:23:21', NULL, NULL, '2018-02-27 06:23:21', 'up', 0, 0, 1440, 'FT1346'),
(237, '2018-02-13', 'burn in 1', 22, 0, 1440, '2018-02-27 06:23:21', NULL, NULL, '2018-02-27 06:23:21', 'up', 0, 0, 1440, 'none'),
(238, '2018-02-13', 'hipot 1', 2, 0, 1440, '2018-02-26 08:25:27', NULL, NULL, '2018-02-26 08:25:27', 'up', 0, 0, 1440, 'F848'),
(239, '2018-02-13', 'hipot 2', 1, 0, 1440, '2018-02-26 08:22:48', NULL, NULL, '2018-02-26 08:22:48', 'up', 0, 0, 1440, 'F838'),
(240, '2018-02-14', 'hipot 1', 447, 1, 1012, '2018-02-26 08:25:27', NULL, NULL, '2018-02-26 08:25:27', 'up', 427, 1, 1012, 'none'),
(241, '2018-02-14', 'burn in 1', 24, 0, 1416, '2018-02-27 06:23:21', NULL, NULL, '2018-02-27 06:23:21', 'up', 24, 0, 1416, 'none'),
(242, '2018-02-14', 'hipot 2', 452, 0, 1409, '2018-02-26 08:22:48', NULL, NULL, '2018-02-26 08:22:48', 'up', 31, 0, 1409, 'none'),
(243, '2018-02-14', 'fct 1', 428, 0, 1440, '2018-03-03 10:18:31', NULL, NULL, '2018-03-03 10:18:31', 'up', 0, 0, 1440, 'FT1346'),
(244, '2018-02-14', 'low power 1', 426, 0, 1440, '2018-02-27 06:35:46', NULL, NULL, '2018-02-27 06:35:46', 'up', 0, 0, 1440, 'FT1347'),
(245, '2018-02-14', 'low power 2', 425, 0, 1440, '2018-02-27 06:37:15', NULL, NULL, '2018-02-27 06:37:15', 'up', 0, 0, 1440, 'FT1363'),
(246, '2018-02-16', 'hipot 1', 1324, 0, 116, '2018-02-26 08:25:27', NULL, NULL, '2018-02-26 08:25:27', 'up', 1324, 0, 116, 'none'),
(247, '2018-02-16', 'low power 1', 1316, 0, 124, '2018-02-27 06:35:46', NULL, NULL, '2018-02-27 06:35:46', 'up', 1316, 0, 124, 'none'),
(248, '2018-02-16', 'fct 1', 1316, 0, 124, '2018-03-03 10:18:31', NULL, NULL, '2018-03-03 10:18:31', 'up', 1316, 0, 124, 'none'),
(249, '2018-02-16', 'hipot 2', 1325, 0, 115, '2018-02-26 08:22:48', NULL, NULL, '2018-02-26 08:22:48', 'up', 1325, 0, 115, 'none'),
(250, '2018-02-16', 'low power 2', 1320, 0, 120, '2018-02-27 06:37:15', NULL, NULL, '2018-02-27 06:37:15', 'up', 1320, 0, 120, 'none'),
(251, '2018-02-16', 'burn in 1', 0, 0, 1440, '2018-02-27 06:23:21', NULL, NULL, '2018-02-27 06:23:21', 'up', 0, 0, 1440, 'FT1346'),
(252, '2018-02-16', 'burn in 2', 0, 0, 1440, '2018-02-27 06:24:52', NULL, NULL, '2018-02-27 06:24:52', 'up', 0, 0, 1440, 'FT1362'),
(253, '2018-02-17', 'hipot 1', 1287, 0, 1235, '2018-02-26 08:25:27', NULL, NULL, '2018-02-26 08:25:27', 'up', 205, 0, 1235, 'none'),
(254, '2018-02-17', 'low power 1', 1434, 0, 1440, '2018-02-27 06:35:46', NULL, NULL, '2018-02-27 06:35:46', 'up', 0, 0, 1440, 'none'),
(255, '2018-02-17', 'burn in 1', 1434, 0, 1440, '2018-02-27 06:23:21', NULL, NULL, '2018-02-27 06:23:21', 'up', 0, 0, 1440, 'none'),
(256, '2018-02-17', 'hipot 2', 1434, 0, 1440, '2018-02-26 08:22:48', NULL, NULL, '2018-02-26 08:22:48', 'up', 0, 0, 1440, 'none'),
(257, '2018-02-17', 'low power 2', 1434, 0, 1440, '2018-02-27 06:37:15', NULL, NULL, '2018-02-27 06:37:15', 'up', 0, 0, 1440, 'none'),
(258, '2018-02-17', 'burn in 2', 1434, 0, 1440, '2018-02-27 06:24:52', NULL, NULL, '2018-02-27 06:24:52', 'up', 0, 0, 1440, 'none'),
(259, '2018-02-18', 'hipot 1', 22, 1332, 1418, '2018-02-26 08:25:27', NULL, NULL, '2018-02-26 08:25:27', 'up', 22, 0, 1418, 'none'),
(260, '2018-02-18', 'low power 1', 1354, 0, 1440, '2018-02-27 06:35:46', NULL, NULL, '2018-02-27 06:35:46', 'up', 0, 0, 1440, 'none'),
(261, '2018-02-18', 'burn in 1', 1354, 0, 1440, '2018-02-27 06:23:21', NULL, NULL, '2018-02-27 06:23:21', 'up', 0, 0, 1440, 'none'),
(262, '2018-02-18', 'hipot 2', 1354, 0, 1440, '2018-02-26 08:22:48', NULL, NULL, '2018-02-26 08:22:48', 'up', 0, 0, 1440, 'none'),
(263, '2018-02-18', 'low power 2', 1354, 0, 1440, '2018-02-27 06:37:15', NULL, NULL, '2018-02-27 06:37:15', 'up', 0, 0, 1440, 'none'),
(264, '2018-02-18', 'burn in 2', 1354, 0, 1440, '2018-02-27 06:24:52', NULL, NULL, '2018-02-27 06:24:52', 'up', 0, 0, 1440, 'none'),
(265, '2018-02-19', 'hipot 1', 0, 0, 1440, '2018-02-26 08:25:27', NULL, NULL, '2018-02-26 08:25:27', 'up', 0, 0, 1440, ''),
(266, '2018-02-19', 'low power 1', 0, 0, 1440, '2018-02-27 06:35:46', NULL, NULL, '2018-02-27 06:35:46', 'up', 0, 0, 1440, 'none'),
(267, '2018-02-19', 'burn in 1', 0, 0, 1440, '2018-02-27 06:23:21', NULL, NULL, '2018-02-27 06:23:21', 'up', 0, 0, 1440, 'none'),
(268, '2018-02-19', 'hipot 2', 0, 0, 1440, '2018-02-26 08:22:48', NULL, NULL, '2018-02-26 08:22:48', 'up', 0, 0, 1440, 'none'),
(269, '2018-02-19', 'low power 2', 0, 0, 1440, '2018-02-27 06:37:15', NULL, NULL, '2018-02-27 06:37:15', 'up', 0, 0, 1440, 'none'),
(270, '2018-02-19', 'burn in 2', 0, 0, 1440, '2018-02-27 06:24:52', NULL, NULL, '2018-02-27 06:24:52', 'up', 0, 0, 1440, 'none'),
(271, '2018-02-20', 'hipot 1', 13, 604, 823, '2018-02-26 08:25:27', NULL, NULL, '2018-02-26 08:25:27', 'up', 13, 604, 823, ''),
(272, '2018-02-20', 'low power 1', 616, 0, 824, '2018-02-27 06:35:46', NULL, NULL, '2018-02-27 06:35:46', 'up', 616, 0, 824, 'none'),
(273, '2018-02-20', 'burn in 1', 612, 0, 828, '2018-02-27 06:23:21', NULL, NULL, '2018-02-27 06:23:21', 'up', 612, 0, 828, 'none'),
(274, '2018-02-20', 'hipot 2', 620, 0, 820, '2018-02-26 08:22:48', NULL, NULL, '2018-02-26 08:22:48', 'up', 620, 0, 820, 'none'),
(275, '2018-02-20', 'low power 2', 617, 0, 823, '2018-02-27 06:37:15', NULL, NULL, '2018-02-27 06:37:15', 'up', 617, 0, 823, 'none'),
(276, '2018-02-20', 'burn in 2', 615, 0, 825, '2018-02-27 06:24:52', NULL, NULL, '2018-02-27 06:24:52', 'up', 615, 0, 825, 'none'),
(277, '2018-02-20', 'fct 1', 0, 0, 1440, '2018-03-03 10:18:31', NULL, NULL, '2018-03-03 10:18:31', 'up', 0, 0, 1440, 'FT1346'),
(278, '2018-02-20', 'fct 2', 0, 0, 1440, '2018-03-03 10:19:54', NULL, NULL, '2018-03-03 10:19:54', 'up', 0, 0, 1440, 'FT1362'),
(279, '2018-02-21', 'low power 1', 472, 0, 968, '2018-02-27 06:35:46', NULL, NULL, '2018-02-27 06:35:46', 'up', 472, 0, 968, 'none'),
(280, '2018-02-21', 'fct 1', 473, 0, 967, '2018-03-03 10:18:31', NULL, NULL, '2018-03-03 10:18:31', 'up', 473, 0, 967, 'none'),
(281, '2018-02-21', 'low power 2', 473, 0, 967, '2018-02-27 06:37:15', NULL, NULL, '2018-02-27 06:37:15', 'up', 473, 0, 967, 'none'),
(282, '2018-02-21', 'fct 2', 474, 0, 966, '2018-03-03 10:19:54', NULL, NULL, '2018-03-03 10:19:54', 'up', 474, 0, 966, 'none'),
(283, '2018-02-22', 'hipot 1', 694, 0, 746, '2018-02-26 08:25:27', NULL, NULL, '2018-02-26 08:25:27', 'up', 694, 0, 746, 'F848'),
(284, '2018-02-22', 'hipot 2', 691, 0, 749, '2018-02-26 08:22:48', NULL, NULL, '2018-02-26 08:22:48', 'up', 691, 0, 749, 'F838'),
(285, '2018-02-22', 'low power 1', 0, 0, 1440, '2018-02-27 06:35:46', NULL, NULL, '2018-02-27 06:35:46', 'up', 0, 0, 1440, 'FT1347'),
(286, '2018-02-22', 'low power 2', 0, 0, 1440, '2018-02-27 06:37:15', NULL, NULL, '2018-02-27 06:37:15', 'up', 0, 0, 1440, 'FT1363'),
(287, '2018-02-23', 'low power 1', 335, 0, 1105, '2018-02-27 06:35:46', NULL, NULL, '2018-02-27 06:35:46', 'up', 335, 0, 1105, 'none'),
(288, '2018-02-23', 'low power 2', 338, 0, 1102, '2018-02-27 06:37:15', NULL, NULL, '2018-02-27 06:37:15', 'up', 338, 0, 1102, 'none'),
(289, '2018-02-23', 'burn in 1', 828, 266, 346, '2018-02-27 06:23:21', NULL, NULL, '2018-02-27 06:23:21', 'up', 828, 266, 346, 'FT1346'),
(290, '2018-02-23', 'burn in 2', 919, 173, 348, '2018-02-27 06:24:52', NULL, NULL, '2018-02-27 06:24:52', 'up', 919, 173, 348, 'FT1362'),
(291, '2018-02-23', 'fct 1', 0, 0, 1440, '2018-03-03 10:18:31', NULL, NULL, '2018-03-03 10:18:31', 'up', 0, 0, 1440, 'FT1346'),
(292, '2018-02-23', 'fct 2', 0, 0, 1440, '2018-03-03 10:19:54', NULL, NULL, '2018-03-03 10:19:54', 'up', 0, 0, 1440, 'FT1362'),
(293, '2018-02-24', 'fct 1', 347, 0, 1093, '2018-03-03 10:18:31', NULL, NULL, '2018-03-03 10:18:31', 'up', 347, 0, 1093, 'none'),
(294, '2018-02-24', 'fct 2', 348, 0, 1092, '2018-03-03 10:19:54', NULL, NULL, '2018-03-03 10:19:54', 'up', 348, 0, 1092, 'none'),
(295, '2018-02-24', 'hipot 1', 90, 0, 1440, '2018-02-26 08:25:27', NULL, NULL, '2018-02-26 08:25:27', 'up', 0, 0, 1440, 'F848'),
(296, '2018-02-24', 'hipot 2', 89, 0, 1440, '2018-02-26 08:22:48', NULL, NULL, '2018-02-26 08:22:48', 'up', 0, 0, 1440, 'F838'),
(297, '2018-02-25', 'hipot 1', 73, 0, 1367, '2018-02-26 08:25:27', NULL, NULL, '2018-02-26 08:25:27', 'up', 73, 0, 1367, 'none'),
(298, '2018-02-25', 'hipot 2', 75, 0, 1365, '2018-02-26 08:22:48', NULL, NULL, '2018-02-26 08:22:48', 'up', 75, 0, 1365, 'none'),
(299, '2018-02-25', 'low power 1', 199, 0, 1241, '2018-02-27 06:35:46', NULL, NULL, '2018-02-27 06:35:46', 'up', 199, 0, 1241, 'FT1347'),
(300, '2018-02-25', 'low power 2', 200, 0, 1240, '2018-02-27 06:37:15', NULL, NULL, '2018-02-27 06:37:15', 'up', 200, 0, 1240, 'FT1363'),
(301, '2018-02-25', 'burn in 1', 225, 0, 1215, '2018-02-27 06:23:21', NULL, NULL, '2018-02-27 06:23:21', 'up', 225, 0, 1215, 'FT1346'),
(302, '2018-02-25', 'burn in 2', 224, 0, 1216, '2018-02-27 06:24:52', NULL, NULL, '2018-02-27 06:24:52', 'up', 224, 0, 1216, 'FT1362'),
(303, '2018-02-25', 'fct 1', 89, 0, 1351, '2018-03-03 10:18:31', NULL, NULL, '2018-03-03 10:18:31', 'up', 89, 0, 1351, 'FT1346'),
(304, '2018-02-25', 'fct 2', 89, 0, 1351, '2018-03-03 10:19:54', NULL, NULL, '2018-03-03 10:19:54', 'up', 89, 0, 1351, 'FT1362'),
(305, '2018-02-26', 'hipot 1', 500, 0, 940, '2018-02-26 08:25:27', NULL, NULL, '2018-02-26 08:25:27', 'up', 500, 0, 940, 'none'),
(306, '2018-02-26', 'hipot 2', 498, 0, 942, '2018-02-26 08:22:48', NULL, NULL, '2018-02-26 08:22:48', 'up', 498, 0, 942, 'none'),
(307, '2018-02-26', 'low power 2', 0, 0, 1440, '2018-02-27 06:37:15', NULL, NULL, '2018-02-27 06:37:15', 'up', 0, 0, 1440, 'FT1363'),
(308, '2018-02-26', 'low power 1', 0, 0, 1440, '2018-02-27 06:35:46', NULL, NULL, '2018-02-27 06:35:46', 'up', 0, 0, 1440, 'FT1347'),
(309, '2018-02-27', 'hipot 1', 385, 0, 1055, '2018-02-27 00:00:00', '2018-02-27 06:25:26', NULL, NULL, 'idle', 385, 0, 1055, 'none'),
(310, '2018-02-27', 'low power 1', 602, 0, 1058, '2018-02-27 06:35:46', NULL, NULL, '2018-02-27 06:35:46', 'up', 382, 0, 1058, 'none'),
(311, '2018-02-27', 'hipot 2', 396, 0, 1044, '2018-02-27 00:00:00', '2018-02-27 06:36:19', NULL, NULL, 'idle', 396, 0, 1044, 'none'),
(312, '2018-02-27', 'low power 2', 601, 0, 1057, '2018-02-27 06:37:15', NULL, NULL, '2018-02-27 06:37:15', 'up', 383, 0, 1057, 'none'),
(313, '2018-02-27', 'burn in 1', 232, 0, 1440, '2018-02-27 06:23:21', NULL, NULL, '2018-02-27 06:23:21', 'up', 0, 0, 1440, 'FT1346'),
(314, '2018-02-27', 'burn in 2', 231, 0, 1440, '2018-02-27 06:24:52', NULL, NULL, '2018-02-27 06:24:52', 'up', 0, 0, 1440, 'FT1362'),
(315, '2018-03-01', 'low power 1', 0, 0, 1440, '2018-03-01 00:00:00', NULL, NULL, NULL, 'up', 0, 0, 0, 'none'),
(316, '2018-03-01', 'burn in 1', 0, 0, 1440, '2018-03-01 00:00:00', NULL, NULL, NULL, 'up', 0, 0, 0, 'none'),
(317, '2018-03-01', 'low power 2', 0, 0, 1440, '2018-03-01 00:00:00', NULL, NULL, NULL, 'up', 0, 0, 0, 'none'),
(318, '2018-03-01', 'burn in 2', 0, 0, 1440, '2018-03-01 00:00:00', NULL, NULL, NULL, 'up', 0, 0, 0, 'none'),
(319, '2018-03-02', 'low power 1', 0, 0, 1440, '2018-03-02 00:00:00', NULL, NULL, NULL, 'up', 0, 0, 0, 'none'),
(320, '2018-03-02', 'burn in 1', 0, 0, 1440, '2018-03-02 00:00:00', NULL, NULL, NULL, 'up', 0, 0, 0, 'none'),
(321, '2018-03-02', 'low power 2', 0, 0, 1440, '2018-03-02 00:00:00', NULL, NULL, NULL, 'up', 0, 0, 0, 'none'),
(322, '2018-03-02', 'burn in 2', 0, 0, 1440, '2018-03-02 00:00:00', NULL, NULL, NULL, 'up', 0, 0, 0, 'none'),
(323, '2018-03-03', 'low power 1', 620, 0, 820, '2018-03-03 00:00:00', '2018-03-03 10:20:45', NULL, NULL, 'idle', 620, 0, 820, 'none'),
(324, '2018-03-03', 'burn in 1', 617, 0, 823, '2018-03-03 00:00:00', '2018-03-03 10:17:58', NULL, NULL, 'idle', 617, 0, 823, 'none'),
(325, '2018-03-03', 'low power 2', 621, 0, 819, '2018-03-03 00:00:00', '2018-03-03 10:21:11', NULL, NULL, 'idle', 621, 0, 819, 'none'),
(326, '2018-03-03', 'burn in 2', 619, 0, 821, '2018-03-03 00:00:00', '2018-03-03 10:19:22', NULL, NULL, 'idle', 619, 0, 821, 'none'),
(327, '2018-03-03', 'fct 1', 0, 0, 1440, '2018-03-03 10:18:31', NULL, NULL, '2018-03-03 10:18:31', 'up', 0, 0, 1440, 'FT1346'),
(328, '2018-03-03', 'fct 2', 0, 0, 1440, '2018-03-03 10:19:54', NULL, NULL, '2018-03-03 10:19:54', 'up', 0, 0, 1440, 'FT1362');

-- --------------------------------------------------------

--
-- Table structure for table `cycles`
--

CREATE TABLE IF NOT EXISTS `cycles` (
  `CycleId` int(11) NOT NULL AUTO_INCREMENT,
  `ModelId` varchar(255) DEFAULT NULL,
  `Family` varchar(255) DEFAULT NULL,
  `Rating` varchar(255) DEFAULT '1000',
  `HipotCT` int(11) NOT NULL,
  `LowPowerCT` int(11) NOT NULL,
  `BurnInCT` int(11) NOT NULL,
  `FctCT` int(11) NOT NULL,
  `HipotTol` int(11) NOT NULL,
  `LowPowerTol` int(11) NOT NULL,
  `BurnInTol` int(11) NOT NULL,
  `FctTol` int(11) NOT NULL,
  PRIMARY KEY (`CycleId`)
) ENGINE=InnoDB  DEFAULT CHARSET=latin1 AUTO_INCREMENT=20 ;

--
-- Dumping data for table `cycles`
--

INSERT INTO `cycles` (`CycleId`, `ModelId`, `Family`, `Rating`, `HipotCT`, `LowPowerCT`, `BurnInCT`, `FctCT`, `HipotTol`, `LowPowerTol`, `BurnInTol`, `FctTol`) VALUES
(1, 'SGINVDBQ-QAST36276-00', 'Solar', '1200', 540, 600, 600, 600, 8, 7, 7, 5),
(2, 'SGINVDBQ-QAST37135-00', 'Solar', '1200', 600, 600, 600, 600, 8, 7, 7, 6),
(3, 'SGINVDBQ-QAST76007-00', 'Solar', '1200', 600, 600, 600, 600, 8, 7, 7, 5),
(4, 'SGINVDBQ-QAST79163-00', 'Solar', '1200', 600, 600, 600, 600, 8, 7, 7, 5),
(5, 'SGINVDBQ-QAST84549-00', 'Solar', '1200', 600, 600, 600, 600, 8, 7, 7, 5),
(6, '0G-SGINVDBPVNS-STD', 'Solar', '1200', 600, 600, 600, 600, 8, 7, 7, 5),
(7, '0G-SGINVDBPVSW-STD', 'Solar', '1200', 600, 600, 600, 600, 8, 7, 7, 5),
(8, 'SGINVDBQ-QAST32433-00', 'Solar', '1200', 600, 600, 600, 600, 8, 7, 7, 5),
(9, 'SGINVDBQ-QAST33267-00', 'Solar', '1200', 600, 600, 600, 600, 8, 7, 7, 5),
(10, 'SGINVDBQ-QAST85158-00', 'Solar', '1200', 600, 600, 600, 600, 8, 7, 7, 5),
(11, '0G-SGINVDBPVNS-BED', 'Solar', '1200', 600, 600, 600, 600, 8, 7, 7, 5),
(12, '0G-SGINVDBPVSW-BED', 'Solar', '1200', 600, 600, 600, 600, 8, 7, 7, 5),
(13, 'SGINVDBQ-QAST93125-00', 'Solar', '1200', 500, 400, 300, 250, 8, 7, 7, 5),
(14, 'SGINVDBQ-QAST94278-00', 'Solar', '1200', 600, 600, 600, 600, 8, 7, 7, 5),
(15, 'SGINVDBQ-QAST28464-00', 'Solar', '1200', 740, 840, 1000, 1100, 8, 7, 7, 5),
(16, 'SGINVDBZ-QAST36289-00', 'Solar', '1200', 600, 600, 600, 600, 8, 7, 7, 5),
(17, 'SGINVDBQ-QAST36288-09', 'Solar', '1200', 600, 600, 600, 600, 8, 7, 7, 5),
(18, 'SOLAR1224-09', 'Solar', '1200', 600, 600, 600, 600, 8, 7, 7, 5),
(19, 'SKUSOLAR8G23400', 'Solar', '900', 420, 420, 500, 420, 6, 6, 6, 6);

-- --------------------------------------------------------

--
-- Table structure for table `ppi`
--

CREATE TABLE IF NOT EXISTS `ppi` (
  `Id` int(11) NOT NULL AUTO_INCREMENT,
  `SerialNumber` varchar(50) DEFAULT NULL,
  `System` varchar(255) NOT NULL,
  `Status` varchar(50) NOT NULL DEFAULT 'idle',
  `StartDT` datetime DEFAULT NULL,
  `UsageTime` int(11) NOT NULL DEFAULT '0',
  `DownTime` int(11) NOT NULL DEFAULT '0',
  `FailDT` datetime DEFAULT NULL,
  `ResumeDT` datetime DEFAULT NULL,
  `FailCount` int(11) NOT NULL DEFAULT '0',
  `CycleTime` int(11) NOT NULL DEFAULT '0',
  `CycleTol` int(11) NOT NULL DEFAULT '0',
  `StaticUsageTime` int(11) NOT NULL DEFAULT '0',
  `StaticDownTime` int(11) NOT NULL DEFAULT '0',
  `SystemName` varchar(50) NOT NULL,
  PRIMARY KEY (`Id`)
) ENGINE=InnoDB  DEFAULT CHARSET=latin1 AUTO_INCREMENT=9 ;

--
-- Dumping data for table `ppi`
--

INSERT INTO `ppi` (`Id`, `SerialNumber`, `System`, `Status`, `StartDT`, `UsageTime`, `DownTime`, `FailDT`, `ResumeDT`, `FailCount`, `CycleTime`, `CycleTol`, `StaticUsageTime`, `StaticDownTime`, `SystemName`) VALUES
(1, NULL, 'hipot 1', 'idle', NULL, 0, 0, NULL, NULL, 0, 0, 0, 0, 0, 'F848'),
(2, NULL, 'low power 1', 'idle', NULL, 0, 0, NULL, NULL, 0, 0, 0, 0, 0, 'FT1347'),
(3, NULL, 'burn in 1', 'idle', NULL, 0, 0, NULL, NULL, 0, 0, 0, 0, 0, 'FT1346'),
(4, 'SN250220182245', 'fct 1', 'inprogress', '2018-03-03 10:18:31', 3, 0, NULL, NULL, 0, 600, 5, 0, 0, 'FT1346'),
(5, NULL, 'hipot 2', 'idle', NULL, 0, 0, NULL, NULL, 0, 0, 0, 0, 0, 'F838'),
(6, NULL, 'low power 2', 'idle', NULL, 0, 0, NULL, NULL, 0, 0, 0, 0, 0, 'FT1363'),
(7, NULL, 'burn in 2', 'idle', NULL, 0, 0, NULL, NULL, 0, 0, 0, 0, 0, 'FT1362'),
(8, 'SN250220182246', 'fct 2', 'inprogress', '2018-03-03 10:19:54', 2, 0, NULL, NULL, 0, 600, 5, 0, 0, 'FT1362');

-- --------------------------------------------------------

--
-- Table structure for table `products`
--

CREATE TABLE IF NOT EXISTS `products` (
  `ProductId` int(11) NOT NULL AUTO_INCREMENT,
  `SerialNumber` varchar(50) NOT NULL,
  `ModelId` varchar(50) NOT NULL,
  `Bay` varchar(100) DEFAULT NULL,
  `CreatedAt` datetime NOT NULL,
  `HipotId` int(11) DEFAULT NULL,
  `LowPowerId` int(11) DEFAULT NULL,
  `BurnInId` int(11) DEFAULT NULL,
  `FctId` int(11) DEFAULT NULL,
  PRIMARY KEY (`ProductId`)
) ENGINE=InnoDB  DEFAULT CHARSET=latin1 AUTO_INCREMENT=71 ;

--
-- Dumping data for table `products`
--

INSERT INTO `products` (`ProductId`, `SerialNumber`, `ModelId`, `Bay`, `CreatedAt`, `HipotId`, `LowPowerId`, `BurnInId`, `FctId`) VALUES
(13, 'SN10212017619', 'SGINVDBQ-QAST36276-00 ', 'F848 1', '2017-10-21 05:49:54', 11, NULL, NULL, NULL),
(14, 'SN10212017622', 'SGINVDBQ-QAST36276-00', 'F848 2', '2017-10-21 05:54:36', 12, NULL, NULL, NULL),
(15, 'SN231020171102', 'SGINVDBQ-QAST36276-00', 'F848', '2017-10-22 22:32:24', 19, NULL, NULL, NULL),
(16, 'SN10242017812', 'SGINVDBQ-QAST36276-00', 'F848 1', '2017-10-24 07:43:02', 13, 15, NULL, NULL),
(18, 'SN102720171105', 'SGINVDBQ-QAST36276-00', 'F848', '2017-10-27 10:35:19', 17, NULL, NULL, NULL),
(19, 'SN102720171116', 'SOLAR1224-09', 'F838', '2017-10-27 10:46:20', 18, NULL, NULL, NULL),
(20, 'SN102820171247', 'SGINVDBQ-QAST36276-00', 'F848', '2017-10-27 12:17:35', 20, 21, 22, 30),
(21, 'SN102920171204', 'SOLAR1224-09', 'FT1362', '2017-10-28 11:36:56', 23, NULL, NULL, NULL),
(22, 'SN10292017105', 'SGINVDBQ-QAST36276-00', 'F838', '2017-10-29 00:35:54', 27, NULL, NULL, NULL),
(23, 'SN10292017321', 'SGINVDBQ-QAST36276-00 ', 'F848', '2017-10-29 02:51:28', 24, 25, 26, NULL),
(24, 'SN110120171211', 'SGINVDBQ-QAST33267-00', 'F848', '2017-10-31 11:41:45', 28, 29, 31, NULL),
(25, 'SN11012017828', 'SKUSOLAR8G23400', 'FT1363', '2017-11-01 07:58:40', 32, NULL, NULL, NULL),
(26, 'SN11012017958', 'SKUSOLAR8G23400', NULL, '2017-11-01 09:28:59', NULL, NULL, NULL, NULL),
(27, 'SN110120171005', 'SGINVDBQ-QAST33267-00', 'F848', '2017-11-01 09:35:38', 33, 34, 35, 36),
(28, 'SN112620171009', 'SKUSOLAR8G23400', 'F848', '2017-11-26 09:39:27', 37, 39, 41, 43),
(29, 'SN112620171010', 'SOLAR1224-09 ', NULL, '2017-11-26 09:41:01', NULL, NULL, NULL, NULL),
(30, 'SN112620171018', 'SKUSOLAR8G23400', 'F838', '2017-11-26 09:48:19', 38, 40, 42, 44),
(31, 'SN112620171025', 'SOLAR1224-09', NULL, '2017-11-26 09:56:03', NULL, NULL, NULL, NULL),
(32, 'SN161220171611', 'SGINVDBQ-QAST36276-00', 'F848', '2017-12-16 03:41:52', 45, 47, 49, 53),
(33, 'SN161220171614', 'SGINVDBQ-QAST36276-00', 'F838', '2017-12-16 03:44:48', 46, 48, 50, 54),
(34, 'SN171220171132', 'SOLAR1224-09', 'F848', '2017-12-16 23:03:33', 51, 55, 57, 61),
(35, 'SN171220171134', 'SOLAR1224-09', 'F838', '2017-12-16 23:04:09', 52, 56, 58, 62),
(36, 'SN201220171954', 'SGINVDBQ-QAST32433-00', 'F848', '2017-12-20 07:24:43', 59, 63, 65, 69),
(37, 'SN201220171955', '0G-SGINVDBPVNS-BED', 'F838', '2017-12-20 07:25:41', 60, 64, 66, 70),
(38, 'SN211220172236', 'SKUSOLAR8G23400', 'F848', '2017-12-21 10:06:59', 67, 71, 74, 76),
(39, 'SN211220172237', '0G-SGINVDBPVNS-STD', 'F838', '2017-12-21 10:07:59', 68, 72, 75, 77),
(40, 'SN221220171520', 'SGINVDBQ-QAST33267-00', 'F848', '2017-12-22 02:51:47', 78, 79, 80, 83),
(41, 'SN281220171215', 'SGINVDBQ-QAST79163-00', 'F848', '2017-12-27 23:45:48', 81, 84, 88, 92),
(42, 'SN281220171216', 'SGINVDBQ-QAST79163-00', 'F838', '2017-12-27 23:46:54', 82, 85, 89, 93),
(43, 'SN010120182242', 'SOLAR1224-09', 'F848', '2018-01-01 10:12:59', 86, 90, 96, 100),
(44, 'SN010120182243', 'SOLAR1224-09 ', 'F838', '2018-01-01 10:13:47', 87, 91, 97, 101),
(45, 'SN060120181307', '0G-SGINVDBPVNS-BED', 'F848', '2018-01-06 00:38:11', 94, 98, 102, 108),
(46, 'SN060120181308', '0G-SGINVDBPVNS-BED', 'F838', '2018-01-06 00:38:47', 95, 99, 103, 109),
(47, 'SN090120182224', 'SGINVDBQ-QAST28464-00', 'F848', '2018-01-09 09:54:43', 104, 110, 114, 116),
(48, 'SN090120182225', 'SGINVDBQ-QAST28464-00', 'F838', '2018-01-09 09:55:50', 105, 111, 117, 119),
(49, 'SN100120181455', 'SGINVDBQ-QAST28464-00', 'F848', '2018-01-10 02:26:45', 106, 107, 112, 113),
(50, 'SN180120182208', 'SGINVDBQ-QAST93125-00', 'F848', '2018-01-18 14:09:17', 115, 118, 120, 123),
(51, 'SN070220182212', 'SGINVDBQ-QAST93125-00', 'F848', '2018-02-07 09:50:18', 121, 124, 126, 128),
(52, 'SN070220132223', 'SGINVDBQ-QAST28464-00', 'F838', '2018-02-07 09:55:22', 122, 125, 127, 129),
(53, 'SN100220182102', 'SOLAR1224-09', 'F848', '2018-02-10 08:32:51', 130, 132, 135, 137),
(54, 'SN100220182104', 'SOLAR1224-09', 'F838', '2018-02-10 08:34:32', 131, 133, 136, 138),
(55, 'SN110220181402', '0G-SGINVDBPVNS-STD', 'F848', '2018-02-11 01:33:44', 134, 139, 140, 143),
(56, 'SN130220181247', 'SGINVDBQ-QAST28464-00', 'F848', '2018-02-13 00:17:54', 141, 144, 148, 155),
(57, 'SN130220181248', 'SGINVDBQ-QAST28464-00', 'F838', '2018-02-13 00:18:53', 142, 145, 149, 156),
(58, 'SN140220181303', '0G-SGINVDBPVNS-STD', 'F848', '2018-02-14 00:34:31', 146, 150, NULL, NULL),
(59, 'SN140220181304', '0G-SGINVDBPVNS-STD', 'F838', '2018-02-14 00:35:17', 147, 151, NULL, NULL),
(60, 'SN170220181037', 'SGINVDBQ-QAST79163-00', 'F848', '2018-02-16 22:08:14', 154, 157, NULL, NULL),
(61, 'SN170220181038', 'SGINVDBQ-QAST79163-00', 'F838', '2018-02-16 22:08:54', 153, 158, NULL, NULL),
(62, 'SN170220181553   ', 'SGINVDBQ-QAST79163-00    ', NULL, '2018-02-17 03:25:02', NULL, NULL, NULL, NULL),
(63, 'SN220220182210', 'SGINVDBQ-QAST33267-00', 'F848', '2018-02-22 09:41:40', 159, 161, 163, 165),
(64, 'SN220220182215', '0G-SGINVDBPVNS-STD', 'F838', '2018-02-22 09:46:04', 160, 162, 164, 166),
(65, 'SN240220182023', 'SGINVDBQ-QAST93125-00', 'F848', '2018-02-24 07:53:37', 167, 169, 171, 173),
(66, 'SN240220182024', 'SKUSOLAR8G23400', 'F838', '2018-02-24 07:54:13', 168, 170, 172, 174),
(67, 'SN250220182245', 'SGINVDBQ-QAST36276-00', 'F848', '2018-02-25 10:15:47', 175, 180, 181, 185),
(68, 'SN250220182246', 'SOLAR1224-09', 'F838', '2018-02-25 10:16:27', 176, 177, 182, 186),
(69, 'SN260220182050', 'SGINVDBQ-QAST79163-00', 'F838', '2018-02-26 08:21:30', 178, 184, NULL, NULL),
(70, 'SN260220182053', 'SGINVDBQ-QAST79163-00', 'F848', '2018-02-26 08:24:42', 179, 183, NULL, NULL);

-- --------------------------------------------------------

--
-- Table structure for table `testeractivity`
--

CREATE TABLE IF NOT EXISTS `testeractivity` (
  `Id` int(11) NOT NULL AUTO_INCREMENT,
  `Tester` varchar(255) NOT NULL,
  `System` varchar(50) NOT NULL,
  `SerialNumber` varchar(50) DEFAULT NULL,
  `ModelId` varchar(50) DEFAULT NULL,
  `StartDT` datetime DEFAULT NULL,
  `Stage` varchar(50) DEFAULT NULL,
  `Status` varchar(50) DEFAULT 'idle',
  `FailCount` int(11) NOT NULL DEFAULT '0',
  `TestCount` int(11) NOT NULL DEFAULT '0',
  `PausedUsageTime` int(11) NOT NULL DEFAULT '0',
  `PausedDownTime` int(11) NOT NULL DEFAULT '0',
  `PausedStatus` varchar(50) DEFAULT NULL,
  `TestId` int(11) DEFAULT NULL,
  PRIMARY KEY (`Id`)
) ENGINE=InnoDB  DEFAULT CHARSET=latin1 AUTO_INCREMENT=9 ;

--
-- Dumping data for table `testeractivity`
--

INSERT INTO `testeractivity` (`Id`, `Tester`, `System`, `SerialNumber`, `ModelId`, `StartDT`, `Stage`, `Status`, `FailCount`, `TestCount`, `PausedUsageTime`, `PausedDownTime`, `PausedStatus`, `TestId`) VALUES
(1, 'F848', 'F848', NULL, NULL, NULL, NULL, 'idle', 45, 42, 0, 0, NULL, NULL),
(2, 'F838', 'F838', NULL, NULL, NULL, NULL, 'idle', 18, 34, 0, 0, NULL, NULL),
(3, 'FT1347', 'FT1347', NULL, NULL, NULL, NULL, 'idle', 28, 34, 0, 0, NULL, NULL),
(4, 'FT1363', 'FT1363', NULL, NULL, NULL, NULL, 'idle', 3, 21, 0, 0, NULL, NULL),
(7, 'FT1346', 'FT1346', 'SN250220182245', 'SGINVDBQ-QAST36276-00', '2018-03-03 10:18:31', 'fct', 'inprogress', 5, 45, 0, 0, NULL, 185),
(8, 'FT1362', 'FT1362', 'SN250220182246', 'SOLAR1224-09', '2018-03-03 10:19:54', 'fct', 'inprogress', 3, 35, 0, 0, NULL, 186);

-- --------------------------------------------------------

--
-- Table structure for table `testlogs`
--

CREATE TABLE IF NOT EXISTS `testlogs` (
  `LogId` int(11) NOT NULL AUTO_INCREMENT,
  `TestId` int(11) DEFAULT NULL,
  `SerialNumber` varchar(50) NOT NULL,
  `LogText` text NOT NULL,
  `Author` varchar(250) NOT NULL,
  `CreatedAt` datetime NOT NULL,
  PRIMARY KEY (`LogId`),
  KEY `ProductId` (`SerialNumber`)
) ENGINE=InnoDB  DEFAULT CHARSET=latin1 AUTO_INCREMENT=554 ;

--
-- Dumping data for table `testlogs`
--

INSERT INTO `testlogs` (`LogId`, `TestId`, `SerialNumber`, `LogText`, `Author`, `CreatedAt`) VALUES
(29, 11, 'SN10212017619', 'Test Started at hipot 1', 'hipot_user_1', '2017-10-21 05:51:52'),
(30, 12, 'SN10212017622', 'Test Started at hipot 2', 'hipot_user_2', '2017-10-21 05:59:20'),
(31, 12, 'SN10212017622', 'Deepak was added to test process at hipot 2', 'Deepak', '2017-10-21 10:11:56'),
(32, 11, 'SN10212017619', 'Test was paused at hipot 1', 'hipot_user_1', '2017-10-21 11:07:21'),
(33, 12, 'SN10212017622', 'Test was paused at hipot 2', 'Deepak', '2017-10-21 11:08:02'),
(34, 11, 'SN10212017619', 'Test was continued after a pause at hipot 1', 'hipot_user_1', '2017-10-21 22:53:02'),
(35, 12, 'SN10212017622', 'Test was continued after a pause at hipot 2', 'Deepak', '2017-10-21 22:53:43'),
(36, 12, 'SN10212017622', 'Test failed due to Bay Down at hipot 2', 'Deepak', '2017-10-21 22:53:54'),
(37, 12, 'SN10212017622', 'Test resumed at hipot 2', 'Deepak', '2017-10-21 22:59:35'),
(38, 11, 'SN10212017619', 'Test failed due to Power Failure at hipot 1', 'hipot_user_1', '2017-10-21 23:08:18'),
(39, 11, 'SN10212017619', 'Test resumed at hipot 1', 'hipot_user_1', '2017-10-24 07:43:53'),
(40, 11, 'SN10212017619', 'Test completed at hipot 1', 'hipot_user_1', '2017-10-24 07:43:55'),
(41, 13, 'SN10242017812', 'Test Started at hipot 1', 'hipot_user_1', '2017-10-24 07:45:49'),
(42, 12, 'SN10212017622', 'Test completed at hipot 2', 'Deepak', '2017-10-24 07:48:17'),
(43, 14, 'SN10242017817', 'Test Started at hipot 2', 'hipot_user_2', '2017-10-24 07:49:49'),
(44, 13, 'SN10242017812', 'Test failed due to Power Failure at hipot 1', 'hipot_user_1', '2017-10-24 09:53:06'),
(45, 14, 'SN10242017817', 'Test failed due to Bay Down at hipot 2', 'hipot_user_2', '2017-10-24 09:56:15'),
(46, 13, 'SN10242017812', 'Test resumed at hipot 1', 'hipot_user_1', '2017-10-24 10:25:25'),
(47, 14, 'SN10242017817', 'Test resumed at hipot 2', 'hipot_user_2', '2017-10-24 10:26:06'),
(48, 13, 'SN10242017812', 'Test was paused at hipot 1', 'hipot_user_1', '2017-10-24 11:19:17'),
(49, 14, 'SN10242017817', 'Test was paused at hipot 2', 'hipot_user_2', '2017-10-24 11:19:53'),
(50, 13, 'SN10242017812', 'Test was continued after a pause at hipot 1', 'hipot_user_1', '2017-10-25 07:22:48'),
(51, 14, 'SN10242017817', 'Test was continued after a pause at hipot 2', 'hipot_user_2', '2017-10-25 07:23:35'),
(52, 13, 'SN10242017812', 'Test completed at hipot 1', 'hipot_user_1', '2017-10-25 10:43:33'),
(53, 15, 'SN10242017812', 'Test Started at low power 1', 'somashekar bhogaiah', '2017-10-25 10:44:55'),
(54, 14, 'SN10242017817', 'Test completed at hipot 2', 'hipot_user_2', '2017-10-25 10:46:05'),
(55, 16, 'SN10242017817', 'Test Started at low power 2', 'somashekar bhogaiah', '2017-10-25 10:47:23'),
(56, 15, 'SN10242017812', 'Test completed at low power 1', 'somashekarbhogaiah', '2017-10-26 02:08:05'),
(57, 16, 'SN10242017817', 'Test completed at low power 2', 'somashekarbhogaiah', '2017-10-26 02:08:54'),
(58, 17, 'SN102720171105', 'Test Started at hipot 1', 'somashekar bhogaiah', '2017-10-27 10:37:18'),
(59, 18, 'SN102720171116', 'Test Started at hipot 2', 'somashekar bhogaiah', '2017-10-27 10:48:10'),
(60, 19, 'SN231020171102', 'Test Started at hipot 1', 'Deepak', '2017-10-27 11:40:50'),
(61, 18, 'SN102720171116', 'Test was paused at hipot 2', 'somashekarbhogaiah', '2017-10-27 11:41:29'),
(62, 18, 'SN102720171116', 'Test was continued after a pause at hipot 2', 'somashekarbhogaiah', '2017-10-27 11:58:24'),
(63, 20, 'SN102820171247', 'Test Started at hipot 1', 'somashekar bhogaiah', '2017-10-27 12:18:43'),
(64, 20, 'SN102820171247', 'Test completed at hipot 1', 'somashekarbhogaiah', '2017-10-27 20:42:19'),
(65, 18, 'SN102720171116', 'Test completed at hipot 2', 'somashekarbhogaiah', '2017-10-27 20:43:11'),
(66, 21, 'SN102820171247', 'Test Started at low power 1', 'somashekar bhogaiah', '2017-10-27 20:46:48'),
(67, 21, 'SN102820171247', 'Test failed due to Power Failure at low power 1', 'somashekarbhogaiah', '2017-10-27 21:43:09'),
(68, 21, 'SN102820171247', 'Test was paused at low power 1', 'somashekarbhogaiah', '2017-10-27 22:41:58'),
(69, 21, 'SN102820171247', 'Test was continued after a pause at low power 1', 'somashekarbhogaiah', '2017-10-27 22:42:27'),
(70, 21, 'SN102820171247', 'Test resumed at low power 1', 'somashekarbhogaiah', '2017-10-27 22:43:49'),
(71, 21, 'SN102820171247', 'Test was paused at low power 1', 'somashekarbhogaiah', '2017-10-27 22:44:05'),
(72, 21, 'SN102820171247', 'Test was continued after a pause at low power 1', 'somashekarbhogaiah', '2017-10-27 22:44:19'),
(73, 21, 'SN102820171247', 'Test was paused at low power 1', 'somashekarbhogaiah', '2017-10-27 22:48:00'),
(74, 21, 'SN102820171247', 'Test was continued after a pause at low power 1', 'somashekarbhogaiah', '2017-10-27 22:48:39'),
(75, 21, 'SN102820171247', 'Test was paused at low power 1', 'somashekarbhogaiah', '2017-10-27 22:48:56'),
(76, 21, 'SN102820171247', 'Test was continued after a pause at low power 1', 'somashekarbhogaiah', '2017-10-27 22:49:20'),
(77, 21, 'SN102820171247', 'Test was paused at low power 1', 'somashekarbhogaiah', '2017-10-27 22:49:29'),
(78, 21, 'SN102820171247', 'Test was continued after a pause at low power 1', 'somashekarbhogaiah', '2017-10-27 22:53:45'),
(79, 21, 'SN102820171247', 'Test was paused at low power 1', 'somashekarbhogaiah', '2017-10-27 23:51:03'),
(80, 21, 'SN102820171247', 'Test was continued after a pause at low power 1', 'somashekarbhogaiah', '2017-10-27 23:51:06'),
(81, 21, 'SN102820171247', 'Test failed due to Power Failure at low power 1', 'somashekarbhogaiah', '2017-10-27 23:51:12'),
(82, 21, 'SN102820171247', 'Test resumed at low power 1', 'somashekarbhogaiah', '2017-10-28 03:58:27'),
(83, 21, 'SN102820171247', 'Test failed due to Bay Down at low power 1', 'somashekarbhogaiah', '2017-10-28 04:10:19'),
(84, 21, 'SN102820171247', 'Test resumed at low power 1', 'somashekarbhogaiah', '2017-10-28 04:10:38'),
(85, 21, 'SN102820171247', 'Test was paused at low power 1', 'somashekarbhogaiah', '2017-10-28 04:13:46'),
(86, 21, 'SN102820171247', 'Test was continued after a pause at low power 1', 'somashekarbhogaiah', '2017-10-28 04:14:02'),
(87, 21, 'SN102820171247', 'Test was paused at low power 1', 'somashekarbhogaiah', '2017-10-28 04:14:21'),
(88, 21, 'SN102820171247', 'Test was continued after a pause at low power 1', 'somashekarbhogaiah', '2017-10-28 04:14:27'),
(89, 21, 'SN102820171247', 'Test completed at low power 1', 'somashekarbhogaiah', '2017-10-28 07:49:56'),
(90, 22, 'SN102820171247', 'Test Started at fct 1', 'somashekar bhogaiah', '2017-10-28 07:52:07'),
(91, 22, 'SN102820171247', 'Test failed due to Bay Down at fct 1', 'somashekarbhogaiah', '2017-10-28 11:26:22'),
(92, 23, 'SN102920171204', 'Test Started at fct 2', 'somashekar bhogaiah', '2017-10-28 11:39:11'),
(93, 23, 'SN102920171204', 'Test was paused at fct 2', 'somashekar bhogaiah', '2017-10-28 11:43:32'),
(94, 23, 'SN102920171204', 'Test was continued after a pause at fct 2', 'somashekar bhogaiah', '2017-10-28 11:43:49'),
(95, 23, 'SN102920171204', 'Test completed at fct 2', 'somashekar bhogaiah', '2017-10-28 11:43:55'),
(96, 22, 'SN102820171247', 'Test was paused at fct 1', 'somashekarbhogaiah', '2017-10-28 11:46:54'),
(97, 22, 'SN102820171247', 'Test was continued after a pause at fct 1', 'somashekarbhogaiah', '2017-10-28 20:52:45'),
(98, 22, 'SN102820171247', 'Test resumed at fct 1', 'somashekarbhogaiah', '2017-10-28 20:53:54'),
(99, 22, 'SN102820171247', 'Test was paused at fct 1', 'somashekarbhogaiah', '2017-10-28 21:05:38'),
(100, 22, 'SN102820171247', 'Test was continued after a pause at fct 1', 'somashekarbhogaiah', '2017-10-28 21:05:47'),
(101, 22, 'SN102820171247', 'Test completed at fct 1', 'somashekarbhogaiah', '2017-10-29 00:29:24'),
(102, 24, 'SN10292017321', 'Test Started at hipot 1', 'somashekar bhogaiah', '2017-10-29 02:56:28'),
(103, 24, 'SN10292017321', 'Test failed due to Unit Failure at hipot 1', 'somashekar bhogaiah', '2017-10-29 03:20:00'),
(104, 24, 'SN10292017321', 'Test resumed at hipot 1', 'somashekarbhogaiah', '2017-10-29 03:32:58'),
(105, 24, 'SN10292017321', 'Test was paused at hipot 1', 'somashekarbhogaiah', '2017-10-29 03:40:10'),
(106, 24, 'SN10292017321', 'Test was continued after a pause at hipot 1', 'somashekarbhogaiah', '2017-10-29 03:43:51'),
(107, 24, 'SN10292017321', 'Test completed at hipot 1', 'somashekarbhogaiah', '2017-10-29 04:15:56'),
(108, 25, 'SN10292017321', 'Test Started at low power 1', 'somashekar bhogaiah', '2017-10-29 04:18:55'),
(109, 25, 'SN10292017321', 'Test failed due to Power Failure at low power 1', 'somashekarbhogaiah', '2017-10-29 05:02:53'),
(110, 25, 'SN10292017321', 'Test was paused at low power 1', 'somashekarbhogaiah', '2017-10-29 05:11:41'),
(111, 25, 'SN10292017321', 'Test was continued after a pause at low power 1', 'somashekarbhogaiah', '2017-10-29 05:12:24'),
(112, 25, 'SN10292017321', 'Test resumed at low power 1', 'somashekarbhogaiah', '2017-10-29 05:27:23'),
(113, 25, 'SN10292017321', 'Test completed at low power 1', 'somashekarbhogaiah', '2017-10-29 05:29:16'),
(114, 26, 'SN10292017321', 'Test Started at fct 1', 'sbhogaiah', '2017-10-29 05:32:27'),
(115, 27, 'SN10292017105', 'Test Started at hipot 2', 'Manikandan', '2017-10-29 06:54:33'),
(116, 27, 'SN10292017105', 'Test was paused at hipot 2', 'Manikandan', '2017-10-29 07:00:32'),
(117, 27, 'SN10292017105', 'Test was continued after a pause at hipot 2', 'Manikandan', '2017-10-29 07:06:49'),
(118, 27, 'SN10292017105', 'Test was paused at hipot 2', 'Manikandan', '2017-10-29 07:17:34'),
(119, 27, 'SN10292017105', 'Test was continued after a pause at hipot 2', 'Manikandan', '2017-10-29 07:19:58'),
(120, 27, 'SN10292017105', 'Test was paused at hipot 2', 'Manikandan', '2017-10-29 07:35:06'),
(121, 27, 'SN10292017105', 'Test was continued after a pause at hipot 2', 'Manikandan', '2017-10-29 07:39:10'),
(122, 26, 'SN10292017321', 'Test was paused at fct 1', 'sbhogaiah', '2017-10-29 08:55:32'),
(123, 26, 'SN10292017321', 'Test was continued after a pause at fct 1', 'sbhogaiah', '2017-10-29 08:56:30'),
(124, 26, 'SN10292017321', 'Test was paused at fct 1', 'sbhogaiah', '2017-10-29 08:57:15'),
(125, 26, 'SN10292017321', 'Test was continued after a pause at fct 1', 'sbhogaiah', '2017-10-29 08:58:32'),
(126, 26, 'SN10292017321', 'Test was paused at fct 1', 'sbhogaiah', '2017-10-29 09:00:24'),
(127, 26, 'SN10292017321', 'Test was continued after a pause at fct 1', 'sbhogaiah', '2017-10-29 09:01:35'),
(128, 27, 'SN10292017105', 'Kiran was added to test process at hipot 2', 'Kiran', '2017-10-29 09:08:25'),
(129, 27, 'SN10292017105', 'Lahari was added to test process at hipot 2', 'Lahari', '2017-10-29 09:08:39'),
(130, 27, 'SN10292017105', 'Test was paused at hipot 2', 'Lahari', '2017-10-29 09:08:53'),
(131, 27, 'SN10292017105', 'Test was continued after a pause at hipot 2', 'Lahari', '2017-10-29 09:09:07'),
(132, 27, 'SN10292017105', 'Test was paused at hipot 2', 'Lahari', '2017-10-29 09:09:46'),
(133, 27, 'SN10292017105', 'Test was continued after a pause at hipot 2', 'Lahari', '2017-10-29 09:09:55'),
(134, 27, 'SN10292017105', 'Test failed due to Bay Down at hipot 2', 'Lahari', '2017-10-29 09:10:03'),
(135, 27, 'SN10292017105', 'Test was paused at hipot 2', 'Lahari', '2017-10-29 09:10:22'),
(136, 27, 'SN10292017105', 'Test was continued after a pause at hipot 2', 'Lahari', '2017-10-29 09:10:27'),
(137, 27, 'SN10292017105', 'Test was paused at hipot 2', 'Lahari', '2017-10-29 09:11:28'),
(138, 27, 'SN10292017105', 'Test was continued after a pause at hipot 2', 'Lahari', '2017-10-29 09:11:41'),
(139, 27, 'SN10292017105', 'Test resumed at hipot 2', 'Lahari', '2017-10-29 09:12:07'),
(140, 27, 'SN10292017105', 'Test completed at hipot 2', 'Lahari', '2017-10-29 09:12:18'),
(141, 28, 'SN110120171211', 'Test Started at hipot 1', 'somashekar bhogaiah', '2017-10-31 11:50:31'),
(142, 28, 'SN110120171211', 'Test failed due to Power Failure at hipot 1', 'somashekarbhogaiah', '2017-10-31 19:58:00'),
(143, 28, 'SN110120171211', 'Test resumed at hipot 1', 'somashekarbhogaiah', '2017-10-31 21:09:23'),
(144, 28, 'SN110120171211', 'Test was paused at hipot 1', 'somashekarbhogaiah', '2017-10-31 21:09:35'),
(145, 28, 'SN110120171211', 'Test was continued after a pause at hipot 1', 'somashekarbhogaiah', '2017-10-31 21:10:02'),
(146, 28, 'SN110120171211', 'Test was paused at hipot 1', 'somashekarbhogaiah', '2017-10-31 21:10:57'),
(147, 28, 'SN110120171211', 'Test was continued after a pause at hipot 1', 'somashekarbhogaiah', '2017-10-31 21:11:22'),
(148, 28, 'SN110120171211', 'Test completed at hipot 1', 'somashekarbhogaiah', '2017-10-31 21:11:41'),
(149, 29, 'SN110120171211', 'Test Started at low power 1', 'sbhogaiah', '2017-10-31 21:13:31'),
(150, 30, 'SN102820171247', 'Test Started at fct 2', 'MANI', '2017-10-31 23:59:55'),
(151, 29, 'SN110120171211', 'Test was paused at low power 1', 'sbhogaiah', '2017-11-01 01:13:02'),
(152, 29, 'SN110120171211', 'Test was continued after a pause at low power 1', 'sbhogaiah', '2017-11-01 01:14:54'),
(153, 29, 'SN110120171211', 'Test was paused at low power 1', 'sbhogaiah', '2017-11-01 01:15:06'),
(154, 29, 'SN110120171211', 'Test was continued after a pause at low power 1', 'sbhogaiah', '2017-11-01 01:16:05'),
(155, 29, 'SN110120171211', 'Test failed due to Bay Down at low power 1', 'sbhogaiah', '2017-11-01 01:18:53'),
(156, 29, 'SN110120171211', 'Test resumed at low power 1', 'sbhogaiah', '2017-11-01 04:16:47'),
(157, 29, 'SN110120171211', 'Test completed at low power 1', 'sbhogaiah', '2017-11-01 04:17:38'),
(158, 30, 'SN102820171247', 'Test completed at fct 2', 'MANI', '2017-11-01 04:18:33'),
(159, 26, 'SN10292017321', 'Test completed at fct 1', 'sbhogaiah', '2017-11-01 04:19:34'),
(160, 31, 'SN110120171211', 'Test Started at fct 1', 'sbhogaiah', '2017-11-01 04:20:40'),
(161, 31, 'SN110120171211', 'Test was paused at fct 1', 'sbhogaiah', '2017-11-01 07:36:55'),
(162, 31, 'SN110120171211', 'Test was continued after a pause at fct 1', 'sbhogaiah', '2017-11-01 07:38:14'),
(163, 31, 'SN110120171211', 'Test was paused at fct 1', 'sbhogaiah', '2017-11-01 07:39:24'),
(164, 31, 'SN110120171211', 'Test was continued after a pause at fct 1', 'sbhogaiah', '2017-11-01 07:39:47'),
(165, 31, 'SN110120171211', 'Test was paused at fct 1', 'sbhogaiah', '2017-11-01 07:40:31'),
(166, 31, 'SN110120171211', 'Test was continued after a pause at fct 1', 'sbhogaiah', '2017-11-01 07:40:43'),
(167, 32, 'SN11012017828', 'Test Started at low power 2', 'sbhogaiah', '2017-11-01 08:01:45'),
(168, 31, 'SN110120171211', 'Test completed at fct 1', 'sbhogaiah', '2017-11-01 09:22:52'),
(169, 32, 'SN11012017828', 'Test was paused at low power 2', 'sbhogaiah', '2017-11-01 09:24:23'),
(170, 32, 'SN11012017828', 'Test was continued after a pause at low power 2', 'sbhogaiah', '2017-11-01 09:25:07'),
(171, 32, 'SN11012017828', 'Test was paused at low power 2', 'sbhogaiah', '2017-11-01 09:25:40'),
(172, 32, 'SN11012017828', 'Test was continued after a pause at low power 2', 'sbhogaiah', '2017-11-01 09:27:13'),
(173, 32, 'SN11012017828', 'Test failed due to Power Failure at low power 2', 'sbhogaiah', '2017-11-01 10:04:31'),
(174, 32, 'SN11012017828', 'Test resumed at low power 2', 'sbhogaiah', '2017-11-01 10:05:53'),
(175, 32, 'SN11012017828', 'Test resumed at low power 2', 'sbhogaiah', '2017-11-01 10:05:53'),
(176, 33, 'SN110120171005', 'Test Started at hipot 1', 'bhogaiah', '2017-11-01 10:38:26'),
(177, 32, 'SN11012017828', 'Test completed at low power 2', 'sbhogaiah', '2017-11-01 20:03:58'),
(178, 33, 'SN110120171005', 'Test was paused at hipot 1', 'bhogaiah', '2017-11-01 20:13:50'),
(179, 33, 'SN110120171005', 'Test was continued after a pause at hipot 1', 'bhogaiah', '2017-11-01 20:14:09'),
(180, 33, 'SN110120171005', 'Test failed due to Power Failure at hipot 1', 'bhogaiah', '2017-11-01 20:14:22'),
(181, 33, 'SN110120171005', 'Test resumed at hipot 1', 'bhogaiah', '2017-11-01 21:23:10'),
(182, 33, 'SN110120171005', 'Test completed at hipot 1', 'bhogaiah', '2017-11-01 21:24:28'),
(183, 34, 'SN110120171005', 'Test Started at low power 1', 'somashekar bhogaiah', '2017-11-01 22:01:35'),
(184, 34, 'SN110120171005', 'Test was paused at low power 1', 'somashekarbhogaiah', '2017-11-02 01:20:41'),
(185, 34, 'SN110120171005', 'Test was continued after a pause at low power 1', 'somashekarbhogaiah', '2017-11-02 01:21:22'),
(186, 34, 'SN110120171005', 'Test failed due to Bay Down at low power 1', 'somashekarbhogaiah', '2017-11-02 01:23:16'),
(187, 34, 'SN110120171005', 'Test resumed at low power 1', 'somashekarbhogaiah', '2017-11-02 03:07:58'),
(188, 34, 'SN110120171005', 'Test completed at low power 1', 'somashekarbhogaiah', '2017-11-02 09:22:12'),
(189, 35, 'SN110120171005', 'Test Started at fct 1', 'sbhogaiah', '2017-11-02 09:26:13'),
(190, 35, 'SN110120171005', 'Test completed at fct 1', 'sbhogaiah', '2017-11-04 10:55:09'),
(191, 36, 'SN110120171005', 'Test Started at fct 1', 'sbhogaiah', '2017-11-04 10:56:35'),
(192, 36, 'SN110120171005', 'Test was paused at fct 1', 'sbhogaiah', '2017-11-04 23:28:10'),
(193, 36, 'SN110120171005', 'Test was continued after a pause at fct 1', 'sbhogaiah', '2017-11-04 23:29:32'),
(194, 36, 'SN110120171005', 'Test was paused at fct 1', 'sbhogaiah', '2017-11-04 23:30:05'),
(195, 36, 'SN110120171005', 'Test was continued after a pause at fct 1', 'sbhogaiah', '2017-11-04 23:31:10'),
(196, 36, 'SN110120171005', 'Test failed due to Power Failure at fct 1', 'sbhogaiah', '2017-11-04 23:31:43'),
(197, 36, 'SN110120171005', 'Test resumed at fct 1', 'sbhogaiah', '2017-11-05 06:37:36'),
(198, 36, 'SN110120171005', 'Test completed at fct 1', 'sbhogaiah', '2017-11-05 06:37:38'),
(199, 37, 'SN112620171009', 'Test Started at hipot 1', 'somashekar bhogaiah', '2017-11-26 09:43:14'),
(200, 38, 'SN112620171018', 'Test Started at hipot 2', 'somashekar bhogaiah', '2017-11-26 10:00:02'),
(201, 37, 'SN112620171009', 'Test completed at hipot 1', 'somashekarbhogaiah', '2017-11-26 22:11:51'),
(202, 38, 'SN112620171018', 'Test completed at hipot 2', 'somashekarbhogaiah', '2017-11-26 22:12:41'),
(203, 39, 'SN112620171009', 'Test Started at low power 1', 'somashekar bhogaiah', '2017-11-26 22:14:31'),
(204, 40, 'SN112620171018', 'Test Started at low power 2', 'somashekar bhogaiah', '2017-11-26 22:15:44'),
(205, 39, 'SN112620171009', 'Test completed at low power 1', 'somashekarbhogaiah', '2017-11-27 09:43:31'),
(206, 40, 'SN112620171018', 'Test completed at low power 2', 'somashekarbhogaiah', '2017-11-27 09:44:24'),
(207, 41, 'SN112620171009', 'Test Started at fct 1', 'somashekar bhogaiah', '2017-11-27 09:45:57'),
(208, 42, 'SN112620171018', 'Test Started at fct 2', 'bhogaiah', '2017-11-27 09:47:30'),
(209, 41, 'SN112620171009', 'Test completed at fct 1', 'somashekarbhogaiah', '2017-11-28 00:35:22'),
(210, 42, 'SN112620171018', 'Test completed at fct 2', 'bhogaiah', '2017-11-28 00:36:05'),
(211, 43, 'SN112620171009', 'Test Started at fct 1', 'sbhogaiah', '2017-11-28 00:37:26'),
(212, 44, 'SN112620171018', 'Test Started at fct 2', 'ramesh', '2017-11-28 00:38:30'),
(213, 43, 'SN112620171009', 'Test completed at fct 1', 'sbhogaiah', '2017-11-29 00:38:03'),
(214, 44, 'SN112620171018', 'Test completed at fct 2', 'ramesh', '2017-11-29 00:38:40'),
(215, 45, 'SN161220171611', 'Test Started at hipot 1', 'somashekar', '2017-12-16 03:42:53'),
(216, 46, 'SN161220171614', 'Test Started at hipot 2', 'bhogaiah', '2017-12-16 03:45:53'),
(217, 45, 'SN161220171611', 'Test failed due to Power Failure at hipot 1', 'somashekar', '2017-12-16 05:47:22'),
(218, 46, 'SN161220171614', 'Test failed due to Bay Down at hipot 2', 'bhogaiah', '2017-12-16 05:48:32'),
(219, 45, 'SN161220171611', 'Test resumed at hipot 1', 'somashekar', '2017-12-16 08:52:09'),
(220, 46, 'SN161220171614', 'Test resumed at hipot 2', 'bhogaiah', '2017-12-16 08:57:14'),
(221, 45, 'SN161220171611', 'Test was paused at hipot 1', 'somashekar', '2017-12-16 09:13:48'),
(222, 45, 'SN161220171611', 'Test was continued after a pause at hipot 1', 'somashekar', '2017-12-16 09:29:07'),
(223, 45, 'SN161220171611', 'Test was paused at hipot 1', 'somashekar', '2017-12-16 09:42:23'),
(224, 45, 'SN161220171611', 'Test was continued after a pause at hipot 1', 'somashekar', '2017-12-16 09:42:43'),
(225, 46, 'SN161220171614', 'Test was paused at hipot 2', 'bhogaiah', '2017-12-16 09:43:23'),
(226, 46, 'SN161220171614', 'Test was continued after a pause at hipot 2', 'bhogaiah', '2017-12-16 09:48:52'),
(227, 0, 'SN161220171614', 'Test completed at hipot 2', 'bhogaiah', '2017-12-16 10:40:16'),
(228, 45, 'SN161220171611', 'Test completed at hipot 1', 'somashekar', '2017-12-16 10:40:53'),
(229, 47, 'SN161220171611', 'Test Started at low power 1', 'somashekar', '2017-12-16 10:57:05'),
(230, 48, 'SN161220171614', 'Test Started at low power 2', 'bhogaiah', '2017-12-16 10:58:39'),
(231, 47, 'SN161220171611', 'Test completed at low power 1', 'somashekar', '2017-12-16 22:16:19'),
(232, 48, 'SN161220171614', 'Test completed at low power 2', 'bhogaiah', '2017-12-16 22:20:57'),
(233, 49, 'SN161220171611', 'Test Started at fct 1', 'praveen', '2017-12-16 22:22:54'),
(234, 50, 'SN161220171614', 'Test Started at fct 2', 'Kamal', '2017-12-16 22:23:43'),
(235, 51, 'SN171220171132', 'Test Started at hipot 1', 'Pakkya', '2017-12-16 23:05:44'),
(236, 46, 'SN161220171614', 'Test completed at hipot 2', 'bhogaiah', '2017-12-16 23:10:56'),
(237, 52, 'SN171220171134', 'Test Started at hipot 2', 'hemanth', '2017-12-16 23:12:09'),
(238, 49, 'SN161220171611', 'Test failed due to Unit Failure at fct 1', 'praveen', '2017-12-17 01:59:49'),
(239, 50, 'SN161220171614', 'Test failed due to Bay Down at fct 2', 'Kamal', '2017-12-17 02:02:03'),
(240, 49, 'SN161220171611', 'Test resumed at fct 1', 'praveen', '2017-12-17 06:52:14'),
(241, 50, 'SN161220171614', 'Test resumed at fct 2', 'Kamal', '2017-12-17 06:52:52'),
(242, 49, 'SN161220171611', 'Test completed at fct 1', 'praveen', '2017-12-17 06:58:45'),
(243, 50, 'SN161220171614', 'Test completed at fct 2', 'Kamal', '2017-12-17 06:59:19'),
(244, 53, 'SN161220171611', 'Test Started at fct 1', 'Somashekar', '2017-12-17 07:01:20'),
(245, 54, 'SN161220171614', 'Test Started at fct 2', 'bhogaiah', '2017-12-17 07:03:06'),
(246, 51, 'SN171220171132', 'Test completed at hipot 1', 'Pakkya', '2017-12-17 11:13:06'),
(247, 52, 'SN171220171134', 'Test completed at hipot 2', 'hemanth', '2017-12-17 11:13:25'),
(248, 55, 'SN171220171132', 'Test Started at low power 1', 'somashekar', '2017-12-18 09:40:10'),
(249, 56, 'SN171220171134', 'Test Started at low power 2', 'sbhogaiah', '2017-12-18 09:41:53'),
(250, 53, 'SN161220171611', 'Test completed at fct 1', 'Somashekar', '2017-12-19 09:30:57'),
(251, 54, 'SN161220171614', 'Test completed at fct 2', 'bhogaiah', '2017-12-19 09:32:02'),
(252, 55, 'SN171220171132', 'Test completed at low power 1', 'somashekar', '2017-12-19 09:36:25'),
(253, 56, 'SN171220171134', 'Test completed at low power 2', 'sbhogaiah', '2017-12-19 09:37:40'),
(254, 57, 'SN171220171132', 'Test Started at fct 1', 'pranav mishra', '2017-12-19 09:40:09'),
(255, 58, 'SN171220171134', 'Test Started at fct 2', 'Anush', '2017-12-19 09:43:20'),
(256, 59, 'SN201220171954', 'Test Started at hipot 1', 'Mallu', '2017-12-20 07:27:07'),
(257, 60, 'SN201220171955', 'Test Started at hipot 2', 'Prabu', '2017-12-20 07:28:13'),
(258, 57, 'SN171220171132', 'Test completed at fct 1', 'pranavmishra', '2017-12-20 07:28:57'),
(259, 58, 'SN171220171134', 'Test completed at fct 2', 'Anush', '2017-12-20 07:29:33'),
(260, 61, 'SN171220171132', 'Test Started at fct 1', 'Nimesh', '2017-12-20 07:31:25'),
(261, 62, 'SN171220171134', 'Test Started at fct 2', 'Ambareesh', '2017-12-20 07:32:27'),
(262, 59, 'SN201220171954', 'Test failed due to Power Failure at hipot 1', 'Mallu', '2017-12-20 08:15:41'),
(263, 62, 'SN171220171134', 'Test failed due to Bay Down at fct 2', 'Ambareesh', '2017-12-20 09:49:12'),
(264, 59, 'SN201220171954', 'Test resumed at hipot 1', 'Mallu', '2017-12-20 11:18:51'),
(265, 62, 'SN171220171134', 'Test resumed at fct 2', 'Ambareesh', '2017-12-20 11:19:29'),
(266, 61, 'SN171220171132', 'Test completed at fct 1', 'Nimesh', '2017-12-21 06:41:18'),
(267, 62, 'SN171220171134', 'Test completed at fct 2', 'Ambareesh', '2017-12-21 06:42:01'),
(268, 59, 'SN201220171954', 'Test completed at hipot 1', 'Mallu', '2017-12-21 06:48:28'),
(269, 60, 'SN201220171955', 'Test completed at hipot 2', 'Prabu', '2017-12-21 06:49:15'),
(270, 63, 'SN201220171954', 'Test Started at low power 1', 'Rupesh', '2017-12-21 06:50:05'),
(271, 64, 'SN201220171955', 'Test Started at low power 2', 'Nagesh', '2017-12-21 06:52:21'),
(272, 63, 'SN201220171954', 'Test was paused at low power 1', 'Rupesh', '2017-12-21 07:35:00'),
(273, 64, 'SN201220171955', 'Test failed due to Unit Failure at low power 2', 'Nagesh', '2017-12-21 07:41:34'),
(274, 63, 'SN201220171954', 'Test was continued after a pause at low power 1', 'Rupesh', '2017-12-21 09:14:45'),
(275, 64, 'SN201220171955', 'Test resumed at low power 2', 'Nagesh', '2017-12-21 10:00:28'),
(276, 63, 'SN201220171954', 'Test completed at low power 1', 'Rupesh', '2017-12-21 10:02:11'),
(277, 64, 'SN201220171955', 'Test completed at low power 2', 'Nagesh', '2017-12-21 10:02:39'),
(278, 65, 'SN201220171954', 'Test Started at fct 1', 'Neelkanth', '2017-12-21 10:03:41'),
(279, 66, 'SN201220171955', 'Test Started at fct 2', 'Mahesh', '2017-12-21 10:04:42'),
(280, 67, 'SN211220172236', 'Test Started at hipot 1', 'Peddaiah', '2017-12-21 10:08:47'),
(281, 68, 'SN211220172237', 'Test Started at hipot 2', 'Deepak', '2017-12-21 10:09:35'),
(282, 65, 'SN201220171954', 'Test completed at fct 1', 'Neelkanth', '2017-12-21 23:14:38'),
(283, 69, 'SN201220171954', 'Test Started at fct 1', 'Mahesh', '2017-12-21 23:15:27'),
(284, 66, 'SN201220171955', 'Test completed at fct 2', 'Mahesh', '2017-12-21 23:15:53'),
(285, 70, 'SN201220171955', 'Test Started at fct 2', 'Sripad', '2017-12-21 23:16:51'),
(286, 67, 'SN211220172236', 'Test completed at hipot 1', 'Peddaiah', '2017-12-21 23:17:20'),
(287, 71, 'SN211220172236', 'Test Started at low power 1', 'Neelkanth', '2017-12-21 23:18:15'),
(288, 68, 'SN211220172237', 'Test completed at hipot 2', 'Deepak', '2017-12-21 23:19:05'),
(289, 72, 'SN211220172237', 'Test Started at low power 2', 'Narayan', '2017-12-21 23:19:54'),
(290, 71, 'SN211220172236', 'Test failed due to Bay Down at low power 1', 'Neelkanth', '2017-12-22 02:46:09'),
(291, 72, 'SN211220172237', 'Test failed due to Unit Failure at low power 2', 'Narayan', '2017-12-22 02:48:34'),
(292, 73, 'SN221220171520', 'Test Started at hipot 1', 'Anand', '2017-12-22 02:52:39'),
(293, 71, 'SN211220172236', 'Test resumed at low power 1', 'Neelkanth', '2017-12-22 05:05:43'),
(294, 72, 'SN211220172237', 'Test resumed at low power 2', 'Narayan', '2017-12-22 05:06:11'),
(295, 73, 'SN221220171520', 'Test failed due to Unit Failure at hipot 1', 'Anand', '2017-12-22 09:05:56'),
(296, 71, 'SN211220172236', 'Test completed at low power 1', 'Neelkanth', '2017-12-22 09:11:23'),
(297, 72, 'SN211220172237', 'Test completed at low power 2', 'Narayan', '2017-12-22 09:11:57'),
(298, 69, 'SN201220171954', 'Test completed at fct 1', 'Mahesh', '2017-12-22 09:13:10'),
(299, 74, 'SN211220172236', 'Test Started at fct 1', 'Hanumesh', '2017-12-22 09:14:12'),
(300, 70, 'SN201220171955', 'Test completed at fct 2', 'Sripad', '2017-12-22 09:14:37'),
(301, 75, 'SN211220172237', 'Test Started at fct 2', 'Halesh', '2017-12-22 09:17:02'),
(302, 74, 'SN211220172236', 'Test completed at fct 1', 'Hanumesh', '2017-12-24 01:45:11'),
(303, 76, 'SN211220172236', 'Test Started at fct 1', 'Prakash Basappa', '2017-12-24 01:46:01'),
(304, 75, 'SN211220172237', 'Test completed at fct 2', 'Halesh', '2017-12-24 01:46:34'),
(305, 77, 'SN211220172237', 'Test Started at fct 2', 'Maltesh Doggali', '2017-12-24 01:47:11'),
(306, 78, 'SN221220171520', 'Test Started at hipot 1', 'Anand bhogaiah', '2017-12-24 01:49:06'),
(307, 78, 'SN221220171520', 'Test completed at hipot 1', 'Anandbhogaiah', '2017-12-25 09:27:09'),
(308, 79, 'SN221220171520', 'Test Started at low power 1', 'Halappa', '2017-12-25 09:28:15'),
(309, 76, 'SN211220172236', 'Test completed at fct 1', 'PrakashBasappa', '2017-12-25 09:30:01'),
(310, 77, 'SN211220172237', 'Test completed at fct 2', 'MalteshDoggali', '2017-12-25 09:31:43'),
(311, 79, 'SN221220171520', 'Test completed at low power 1', 'Halappa', '2017-12-27 23:43:12'),
(312, 80, 'SN221220171520', 'Test Started at fct 1', 'Sharan', '2017-12-27 23:44:25'),
(313, 81, 'SN281220171215', 'Test Started at hipot 1', 'Pakkya', '2017-12-27 23:47:43'),
(314, 82, 'SN281220171216', 'Test Started at hipot 2', 'Santosh hannikeri', '2017-12-27 23:48:29'),
(315, 80, 'SN221220171520', 'Test completed at fct 1', 'Sharan', '2018-01-01 07:36:22'),
(316, 81, 'SN281220171215', 'Test completed at hipot 1', 'Pakkya', '2018-01-01 07:36:55'),
(317, 82, 'SN281220171216', 'Test completed at hipot 2', 'Santoshhannikeri', '2018-01-01 07:37:29'),
(318, 83, 'SN221220171520', 'Test Started at fct 1', 'Niranjan sutar', '2018-01-01 07:39:55'),
(319, 84, 'SN281220171215', 'Test Started at low power 1', 'Virupaksha', '2018-01-01 07:41:40'),
(320, 85, 'SN281220171216', 'Test Started at low power 2', 'Heerappa', '2018-01-01 07:43:31'),
(321, 86, 'SN010120182242', 'Test Started at hipot 1', 'Sridevi', '2018-01-01 10:15:11'),
(322, 87, 'SN010120182243', 'Test Started at hipot 2', 'Peddiah Nalla', '2018-01-01 10:17:22'),
(323, 83, 'SN221220171520', 'Test completed at fct 1', 'Niranjansutar', '2018-01-05 09:41:23'),
(324, 84, 'SN281220171215', 'Test completed at low power 1', 'Virupaksha', '2018-01-05 09:42:52'),
(325, 85, 'SN281220171216', 'Test completed at low power 2', 'Heerappa', '2018-01-05 09:44:01'),
(326, 86, 'SN010120182242', 'Test completed at hipot 1', 'Sridevi', '2018-01-05 09:44:41'),
(327, 87, 'SN010120182243', 'Test completed at hipot 2', 'PeddiahNalla', '2018-01-05 09:45:30'),
(328, 88, 'SN281220171215', 'Test Started at fct 1', 'Rupesh', '2018-01-05 09:51:14'),
(329, 89, 'SN281220171216', 'Test Started at fct 2', 'Ninganna', '2018-01-05 09:53:23'),
(330, 90, 'SN010120182242', 'Test Started at low power 1', 'Sridevi', '2018-01-05 09:54:38'),
(331, 91, 'SN010120182243', 'Test Started at low power 2', 'Muhamad Pasha', '2018-01-05 09:57:39'),
(332, 88, 'SN281220171215', 'Test completed at fct 1', 'Rupesh', '2018-01-06 00:18:13'),
(333, 89, 'SN281220171216', 'Test completed at fct 2', 'Ninganna', '2018-01-06 00:19:07'),
(334, 90, 'SN010120182242', 'Test completed at low power 1', 'Sridevi', '2018-01-06 00:19:51'),
(335, 91, 'SN010120182243', 'Test completed at low power 2', 'MuhamadPasha', '2018-01-06 00:21:44'),
(336, 92, 'SN281220171215', 'Test Started at fct 1', 'Ningaraj', '2018-01-06 00:29:51'),
(337, 93, 'SN281220171216', 'Test Started at fct 2', 'Prithvi', '2018-01-06 00:34:27'),
(338, 94, 'SN060120181307', 'Test Started at hipot 1', 'Prakash', '2018-01-06 00:39:56'),
(339, 95, 'SN060120181308', 'Test Started at hipot 2', 'Manju', '2018-01-06 00:40:35'),
(340, 92, 'SN281220171215', 'Test completed at fct 1', 'Ningaraj', '2018-01-06 10:12:07'),
(341, 93, 'SN281220171216', 'Test completed at fct 2', 'Prithvi', '2018-01-06 10:12:54'),
(342, 96, 'SN010120182242', 'Test Started at fct 1', 'Tarun KUmar', '2018-01-06 10:22:31'),
(343, 97, 'SN010120182243 ', 'Test Started at fct 2', 'Thippeswamy', '2018-01-06 10:24:40'),
(344, 94, 'SN060120181307', 'Test completed at hipot 1', 'Prakash', '2018-01-06 10:29:39'),
(345, 95, 'SN060120181308', 'Test completed at hipot 2', 'Manju', '2018-01-06 10:30:11'),
(346, 98, 'SN060120181307', 'Test Started at low power 1', 'Monty', '2018-01-06 10:32:19'),
(347, 99, 'SN060120181308', 'Test Started at low power 2', 'Ponty', '2018-01-06 10:34:42'),
(348, 96, 'SN010120182242', 'Test completed at fct 1', 'TarunKUmar', '2018-01-07 10:16:55'),
(349, 99, 'SN060120181308', 'Test completed at low power 2', 'Ponty', '2018-01-07 10:17:40'),
(350, 97, 'SN010120182243 ', 'Test completed at fct 2', 'Thippeswamy', '2018-01-07 10:18:16'),
(351, 98, 'SN060120181307', 'Test completed at low power 1', 'Monty', '2018-01-07 10:18:45'),
(352, 100, 'SN010120182242', 'Test Started at fct 1', 'Shajan', '2018-01-07 10:19:56'),
(353, 101, 'SN010120182243', 'Test Started at fct 2', 'Vivek', '2018-01-07 10:22:16'),
(354, 100, 'SN010120182242', 'Test completed at fct 1', 'Shajan', '2018-01-09 09:44:34'),
(355, 101, 'SN010120182243', 'Test completed at fct 2', 'Vivek', '2018-01-09 09:45:29'),
(356, 102, 'SN060120181307', 'Test Started at fct 1', 'Mahesh', '2018-01-09 09:50:55'),
(357, 103, 'SN060120181308', 'Test Started at fct 2', 'Krithi', '2018-01-09 09:53:03'),
(358, 104, 'SN090120182224', 'Test Started at hipot 1', 'Prakrith', '2018-01-09 09:56:59'),
(359, 105, 'SN090120182225', 'Test Started at hipot 2', 'Maltesh Doggali', '2018-01-09 09:57:57'),
(360, 104, 'SN090120182224', 'Test was paused at hipot 1', 'Prakrith', '2018-01-10 02:22:37'),
(361, 104, 'SN090120182224', 'prakash was added to test process at hipot 1', 'prakash', '2018-01-10 02:23:23'),
(362, 104, 'SN090120182224', 'Test was continued after a pause at hipot 1', 'prakash', '2018-01-10 02:24:30'),
(363, 104, 'SN090120182224', 'Test completed at hipot 1', 'prakash', '2018-01-10 02:25:01'),
(364, 106, 'SN100120181455', 'Test Started at hipot 1', 'mani', '2018-01-10 02:38:19'),
(365, 106, 'SN100120181455', 'Test failed due to Bay Down at hipot 1', 'mani', '2018-01-10 02:40:09'),
(366, 106, 'SN100120181455', 'Test resumed at hipot 1', 'mani', '2018-01-10 02:44:40'),
(367, 106, 'SN100120181455', 'Test was paused at hipot 1', 'mani', '2018-01-10 02:44:55'),
(368, 106, 'SN100120181455', 'Test was continued after a pause at hipot 1', 'mani', '2018-01-10 02:44:59'),
(369, 106, 'SN100120181455', 'Test failed due to Power Failure at hipot 1', 'mani', '2018-01-10 02:45:05'),
(370, 106, 'SN100120181455', 'Test resumed at hipot 1', 'mani', '2018-01-10 02:46:07'),
(371, 106, 'SN100120181455', 'Test completed at hipot 1', 'mani', '2018-01-11 09:51:47'),
(372, 105, 'SN090120182225', 'Test completed at hipot 2', 'MalteshDoggali', '2018-01-11 09:53:30'),
(373, 102, 'SN060120181307', 'Test completed at fct 1', 'Mahesh', '2018-01-11 09:54:52'),
(374, 103, 'SN060120181308', 'Test completed at fct 2', 'Krithi', '2018-01-11 09:55:21'),
(375, 107, 'SN100120181455', 'Test Started at low power 1', 'Punkaj', '2018-01-11 09:58:02'),
(376, 108, 'SN060120181307', 'Test Started at fct 1', 'Manjappa', '2018-01-11 09:59:36'),
(377, 109, 'SN060120181308', 'Test Started at fct 2', 'Nielson', '2018-01-11 10:01:32'),
(378, 110, 'SN090120182224', 'Test Started at low power 2', 'Pampa', '2018-01-11 10:03:33'),
(379, 108, 'SN060120181307', 'Test completed at fct 1', 'Manjappa', '2018-01-12 09:27:40'),
(380, 109, 'SN060120181308', 'Test completed at fct 2', 'Nielson', '2018-01-12 09:28:56'),
(381, 107, 'SN100120181455', 'Test completed at low power 1', 'Punkaj', '2018-01-12 09:34:54'),
(382, 110, 'SN090120182224', 'Test completed at low power 2', 'Pampa', '2018-01-12 09:35:51'),
(383, 111, 'SN090120182225', 'Test Started at low power 1', 'Kunja Dutta', '2018-01-12 09:37:21'),
(384, 112, 'SN100120181455', 'Test Started at fct 2', 'Priyanka', '2018-01-12 09:39:25'),
(385, 112, 'SN100120181455', 'Test completed at fct 2', 'Priyanka', '2018-01-13 09:37:54'),
(386, 113, 'SN100120181455', 'Test Started at fct 2', 'Muniyappa', '2018-01-13 09:40:27'),
(387, 111, 'SN090120182225', 'Test completed at low power 1', 'KunjaDutta', '2018-01-13 09:42:03'),
(388, 114, 'SN090120182224', 'Test Started at fct 1', 'Mohan Kumar', '2018-01-13 09:45:04'),
(389, 115, 'SN180120182208', 'Test Started at hipot 1', 'Appandiraj', '2018-01-18 14:12:06'),
(390, 115, 'SN180120182208', 'Test failed due to Unit Failure at hipot 1', 'Appandiraj', '2018-01-18 14:13:01'),
(391, 115, 'SN180120182208', 'Test resumed at hipot 1', 'Appandiraj', '2018-01-18 14:16:21'),
(392, 115, 'SN180120182208', 'Test was paused at hipot 1', 'Appandiraj', '2018-01-18 14:16:47'),
(393, 114, 'SN090120182224', 'Test completed at fct 1', 'MohanKumar', '2018-01-25 10:51:29'),
(394, 113, 'SN100120181455', 'Test completed at fct 2', 'Muniyappa', '2018-01-25 10:52:08'),
(395, 116, 'SN090120182224', 'Test Started at fct 1', 'Ningaraj', '2018-01-25 10:53:16'),
(396, 117, 'SN090120182225', 'Test Started at fct 2', 'Muhamaud', '2018-01-25 10:55:51'),
(397, 115, 'SN180120182208', 'Test was continued after a pause at hipot 1', 'Appandiraj', '2018-01-25 10:57:54'),
(398, 116, 'SN090120182224', 'Test completed at fct 1', 'Ningaraj', '2018-02-05 10:35:39'),
(399, 115, 'SN180120182208', 'Test completed at hipot 1', 'Appandiraj', '2018-02-05 10:43:04'),
(400, 118, 'SN180120182208', 'Test Started at low power 1', 'Hanumesh', '2018-02-05 10:44:08'),
(401, 117, 'SN090120182225', 'Test completed at fct 2', 'Muhamaud', '2018-02-05 10:45:03'),
(402, 119, 'SN090120182225', 'Test Started at fct 2', 'Heerappa', '2018-02-05 10:46:44'),
(403, 118, 'SN180120182208', 'Test completed at low power 1', 'Hanumesh', '2018-02-07 07:56:22'),
(404, 120, 'SN180120182208', 'Test Started at fct 1', 'Prithvi', '2018-02-07 07:58:00'),
(405, 119, 'SN090120182225', 'Test completed at fct 2', 'Heerappa', '2018-02-07 07:59:14'),
(406, 121, 'SN070220182212', 'Test Started at hipot 1', 'Prakash', '2018-02-07 09:51:04'),
(407, 122, 'SN070220132223', 'Test Started at hipot 2', 'Nithya', '2018-02-07 09:56:08'),
(408, 120, 'SN180120182208', 'Test completed at fct 1', 'Prithvi', '2018-02-08 10:59:51'),
(409, 123, 'SN180120182208', 'Test Started at fct 1', 'Milan', '2018-02-08 11:00:32'),
(410, 121, 'SN070220182212', 'Test completed at hipot 1', 'Prakash', '2018-02-08 11:02:21'),
(411, 122, 'SN070220132223', 'Test completed at hipot 2', 'Nithya', '2018-02-08 11:03:56'),
(412, 124, 'SN070220182212', 'Test Started at low power 1', 'Nimesh', '2018-02-08 11:11:52'),
(413, 125, 'SN070220132223', 'Test Started at low power 2', 'Bijoy', '2018-02-08 11:18:54'),
(414, 123, 'SN180120182208', 'Test completed at fct 1', 'Milan', '2018-02-09 09:37:27'),
(415, 124, 'SN070220182212', 'Test completed at low power 1', 'Nimesh', '2018-02-09 09:38:48'),
(416, 125, 'SN070220132223', 'Test completed at low power 2', 'Bijoy', '2018-02-09 09:39:31'),
(417, 126, 'SN070220182212', 'Test Started at fct 1', 'Peddaiah ', '2018-02-09 09:40:59'),
(418, 127, 'SN070220132223', 'Test Started at fct 2', 'Soumya machaiah', '2018-02-09 09:42:36'),
(419, 126, 'SN070220182212', 'Test completed at fct 1', 'Peddaiah', '2018-02-10 01:15:57'),
(420, 127, 'SN070220132223', 'Test completed at fct 2', 'Soumyamachaiah', '2018-02-10 08:24:56'),
(421, 128, 'SN070220182212', 'Test Started at fct 2', 'Nagesh', '2018-02-10 08:27:07'),
(422, 129, 'SN070220132223', 'Test Started at fct 1', 'Shilpa', '2018-02-10 08:30:04'),
(423, 130, 'SN100220182102', 'Test Started at hipot 1', 'Krishna', '2018-02-10 08:36:20'),
(424, 131, 'SN100220182104', 'Test Started at hipot 2', 'Prashanthi', '2018-02-10 08:38:06'),
(425, 129, 'SN070220132223', 'Test completed at fct 1', 'Shilpa', '2018-02-10 09:37:17'),
(426, 128, 'SN070220182212', 'Test completed at fct 2', 'Nagesh', '2018-02-10 09:38:26'),
(427, 130, 'SN100220182102', 'Test completed at hipot 1', 'Krishna', '2018-02-10 11:18:40'),
(428, 131, 'SN100220182104', 'Test completed at hipot 2', 'Prashanthi', '2018-02-10 11:19:53'),
(429, 132, 'SN100220182102', 'Test Started at low power 1', 'Prakash', '2018-02-10 11:38:37'),
(430, 133, 'SN100220182104', 'Test Started at low power 2', 'Laksh', '2018-02-10 11:41:19'),
(431, 132, 'SN100220182102', 'Test completed at low power 1', 'Prakash', '2018-02-11 01:27:31'),
(432, 133, 'SN100220182104', 'Test completed at low power 2', 'Laksh', '2018-02-11 01:28:16'),
(433, 134, 'SN110220181402', 'Test Started at hipot 1', 'Nagesh', '2018-02-11 01:36:50'),
(434, 135, 'SN100220182102', 'Test Started at fct 1', 'Prashanthi', '2018-02-11 01:38:36'),
(435, 136, 'SN100220182104', 'Test Started at fct 2', 'Mahesh', '2018-02-11 01:39:59'),
(436, 135, 'SN100220182102', 'Test completed at fct 1', 'Prashanthi', '2018-02-11 10:51:41'),
(437, 137, 'SN100220182102', 'Test Started at fct 1', 'Priyanka', '2018-02-11 10:52:27'),
(438, 136, 'SN100220182104', 'Test completed at fct 2', 'Mahesh', '2018-02-11 10:53:00'),
(439, 138, 'SN100220182104', 'Test Started at fct 2', 'Manjula Mohan', '2018-02-11 10:53:57'),
(440, 134, 'SN110220181402', 'Test completed at hipot 1', 'Nagesh', '2018-02-11 10:54:57'),
(441, 139, 'SN110220181402', 'Test Started at low power 1', 'Geetha', '2018-02-11 10:55:58'),
(442, 137, 'SN100220182102', 'Test completed at fct 1', 'Priyanka', '2018-02-12 09:52:55'),
(443, 138, 'SN100220182104', 'Test completed at fct 2', 'ManjulaMohan', '2018-02-12 09:54:05'),
(444, 139, 'SN110220181402', 'Test completed at low power 1', 'Geetha', '2018-02-12 09:57:32'),
(445, 140, 'SN110220181402', 'Test Started at fct 1', 'Soumya Machaiah', '2018-02-12 09:58:52'),
(446, 141, 'SN130220181247', 'Test Started at hipot 1', 'Manikandan', '2018-02-13 00:20:18'),
(447, 142, 'SN130220181248', 'Test Started at hipot 2', 'Geetha', '2018-02-13 00:21:05'),
(448, 140, 'SN110220181402', 'Test completed at fct 1', 'SoumyaMachaiah', '2018-02-14 00:24:04'),
(449, 143, 'SN110220181402', 'Test Started at fct 1', 'Paapi', '2018-02-14 00:29:28'),
(450, 141, 'SN130220181247', 'Test completed at hipot 1', 'Manikandan', '2018-02-14 00:30:29'),
(451, 144, 'SN130220181247', 'Test Started at low power 1', 'Philip', '2018-02-14 00:31:07'),
(452, 142, 'SN130220181248', 'Test completed at hipot 2', 'Geetha', '2018-02-14 00:31:58'),
(453, 145, 'SN130220181248', 'Test Started at low power 2', 'Nagendra', '2018-02-14 00:32:49'),
(454, 146, 'SN140220181303', 'Test Started at hipot 1', 'Deepak', '2018-02-14 00:35:56'),
(455, 147, 'SN140220181304', 'Test Started at hipot 2', 'Ramanna', '2018-02-14 00:36:34'),
(456, 146, 'SN140220181303', 'hrishi was added to test process at hipot 1', 'hrishi', '2018-02-14 02:20:23'),
(457, 146, 'SN140220181303', 'Test was paused at hipot 1', 'hrishi', '2018-02-14 02:21:27'),
(458, 146, 'SN140220181303', 'Test was continued after a pause at hipot 1', 'hrishi', '2018-02-14 02:21:49'),
(459, 146, 'SN140220181303', 'Test failed due to Bay Down at hipot 1', 'hrishi', '2018-02-14 02:22:18'),
(460, 146, 'SN140220181303', 'Test resumed at hipot 1', 'hrishi', '2018-02-14 02:23:23'),
(461, 146, 'SN140220181303', 'Test was paused at hipot 1', 'hrishi', '2018-02-14 07:15:44'),
(462, 146, 'SN140220181303', 'Test was continued after a pause at hipot 1', 'hrishi', '2018-02-14 07:16:07'),
(463, 146, 'SN140220181303', 'Test failed due to Unit Failure at hipot 1', 'hrishi', '2018-02-14 07:16:41'),
(464, 146, 'SN140220181303', 'Test resumed at hipot 1', 'hrishi', '2018-02-14 07:17:28'),
(465, 144, 'SN130220181247', 'Test completed at low power 1', 'Philip', '2018-02-16 21:56:05'),
(466, 143, 'SN110220181402', 'Test completed at fct 1', 'Paapi', '2018-02-16 21:56:58'),
(467, 148, 'SN130220181247', 'Test Started at fct 1', 'Nithya', '2018-02-16 21:57:42'),
(468, 145, 'SN130220181248', 'Test completed at low power 2', 'Nagendra', '2018-02-16 22:00:56'),
(469, 149, 'SN130220181248', 'Test Started at fct 2', 'Kim Zong', '2018-02-16 22:01:49'),
(470, 146, 'SN140220181303', 'Test completed at hipot 1', 'hrishi', '2018-02-16 22:04:49'),
(471, 150, 'SN140220181303', 'Test Started at low power 1', 'Ramya', '2018-02-16 22:05:37'),
(472, 147, 'SN140220181304', 'Test completed at hipot 2', 'Ramanna', '2018-02-16 22:05:57'),
(473, 151, 'SN140220181304', 'Test Started at low power 2', 'Ranveer', '2018-02-16 22:06:55'),
(474, 152, 'SN170220181037', 'Test Started at hipot 1', 'Santosh Hanikeri', '2018-02-16 22:10:03'),
(475, 153, 'SN170220181038', 'Test Started at hipot 2', 'Virupaksha', '2018-02-16 22:10:55'),
(476, 152, 'SN170220181037', 'Test was paused at hipot 1', 'SantoshHanikeri', '2018-02-17 03:25:32'),
(477, 152, 'SN170220181037', 'Test was continued after a pause at hipot 1', 'SantoshHanikeri', '2018-02-17 03:25:49'),
(478, 152, 'SN170220181037', 'Test failed due to Unit Failure at hipot 1', 'SantoshHanikeri', '2018-02-17 03:26:00'),
(479, 154, 'SN170220181037', 'Test Started at hipot 1', 'Alpesh', '2018-02-17 05:52:14'),
(480, 154, 'SN170220181037', 'Test failed due to Unit Failure at hipot 1', 'Alpesh', '2018-02-18 00:22:22'),
(481, 154, 'SN170220181037', 'Test resumed at hipot 1', 'Alpesh', '2018-02-20 10:04:34'),
(482, 148, 'SN130220181247', 'Test completed at fct 1', 'Nithya', '2018-02-20 10:12:25'),
(483, 155, 'SN130220181247', 'Test Started at fct 1', 'Swetha', '2018-02-20 10:14:19'),
(484, 149, 'SN130220181248', 'Test completed at fct 2', 'KimZong', '2018-02-20 10:15:28'),
(485, 156, 'SN130220181248', 'Test Started at fct 2', 'Machaiah', '2018-02-20 10:16:00'),
(486, 150, 'SN140220181303', 'Test completed at low power 1', 'Ramya', '2018-02-20 10:16:47'),
(487, 151, 'SN140220181304', 'Test completed at low power 2', 'Ranveer', '2018-02-20 10:17:34'),
(488, 154, 'SN170220181037', 'Test completed at hipot 1', 'Alpesh', '2018-02-20 10:18:12'),
(489, 153, 'SN170220181038', 'Test completed at hipot 2', 'Virupaksha', '2018-02-20 10:20:12'),
(490, 157, 'SN170220181037', 'Test Started at low power 1', 'Ningaraj', '2018-02-20 10:21:17'),
(491, 158, 'SN170220181038', 'Test Started at low power 2', 'Prakash', '2018-02-20 10:22:46'),
(492, 157, 'SN170220181037', 'Test completed at low power 1', 'Ningaraj', '2018-02-21 07:52:40'),
(493, 158, 'SN170220181038', 'Test completed at low power 2', 'Prakash', '2018-02-21 07:53:03'),
(494, 155, 'SN130220181247', 'Test completed at fct 1', 'Swetha', '2018-02-21 07:53:47'),
(495, 156, 'SN130220181248', 'Test completed at fct 2', 'Machaiah', '2018-02-21 07:54:16'),
(496, 159, 'SN220220182210', 'Test Started at hipot 1', 'Ragavendra', '2018-02-22 09:42:42'),
(497, 160, 'SN220220182215', 'Test Started at hipot 2', 'Naganna', '2018-02-22 09:47:08'),
(498, 159, 'SN220220182210', 'Test completed at hipot 1', 'Ragavendra', '2018-02-22 21:17:15'),
(499, 161, 'SN220220182210', 'Test Started at low power 1', 'Santosh', '2018-02-22 21:18:05'),
(500, 160, 'SN220220182215', 'Test completed at hipot 2', 'Naganna', '2018-02-22 21:18:51'),
(501, 162, 'SN220220182215', 'Test Started at low power 2', 'Rajesh', '2018-02-22 21:19:36'),
(502, 161, 'SN220220182210', 'Test completed at low power 1', 'Santosh', '2018-02-23 05:35:59'),
(503, 163, 'SN220220182210', 'Test Started at fct 1', 'Rajanna', '2018-02-23 05:36:45'),
(504, 162, 'SN220220182215', 'Test completed at low power 2', 'Rajesh', '2018-02-23 05:38:01'),
(505, 164, 'SN220220182215', 'Test Started at fct 2', 'Priyanka', '2018-02-23 05:39:55'),
(506, 163, 'SN220220182210', 'Test failed due to Unit Failure at fct 1', 'Rajanna', '2018-02-23 07:54:24'),
(507, 164, 'SN220220182215', 'Test failed due to Power Failure at fct 2', 'Priyanka', '2018-02-23 09:27:19'),
(508, 163, 'SN220220182210', 'Test resumed at fct 1', 'Rajanna', '2018-02-23 12:20:25'),
(509, 164, 'SN220220182215', 'Test resumed at fct 2', 'Priyanka', '2018-02-23 12:20:41'),
(510, 163, 'SN220220182210', 'Test completed at fct 1', 'Rajanna', '2018-02-23 23:51:58'),
(511, 165, 'SN220220182210', 'Test Started at fct 1', 'Prashanth', '2018-02-23 23:52:27'),
(512, 164, 'SN220220182215', 'Test completed at fct 2', 'Priyanka', '2018-02-23 23:52:45'),
(513, 166, 'SN220220182215', 'Test Started at fct 2', 'Hanumesh', '2018-02-23 23:53:09'),
(514, 165, 'SN220220182210', 'Test completed at fct 1', 'Prashanth', '2018-02-24 05:47:58'),
(515, 166, 'SN220220182215', 'Test completed at fct 2', 'Hanumesh', '2018-02-24 05:48:44'),
(516, 167, 'SN240220182023', 'Test Started at hipot 1', 'Ramesh', '2018-02-24 07:55:03'),
(517, 168, 'SN240220182024', 'Test Started at hipot 2', 'Nagendra', '2018-02-24 07:55:41'),
(518, 167, 'SN240220182023', 'Test completed at hipot 1', 'Ramesh', '2018-02-25 01:13:31'),
(519, 168, 'SN240220182024', 'Test completed at hipot 2', 'Nagendra', '2018-02-25 01:15:35'),
(520, 169, 'SN240220182023', 'Test Started at low power 1', 'Paresh', '2018-02-25 01:16:56'),
(521, 170, 'SN240220182024', 'Test Started at low power 2', 'Virupaksha', '2018-02-25 01:17:45'),
(522, 169, 'SN240220182023', 'Test completed at low power 1', 'Paresh', '2018-02-25 04:36:39'),
(523, 171, 'SN240220182023', 'Test Started at fct 1', 'Prithvi', '2018-02-25 04:37:53'),
(524, 170, 'SN240220182024', 'Test completed at low power 2', 'Virupaksha', '2018-02-25 04:38:27'),
(525, 172, 'SN240220182024', 'Test Started at fct 2', 'Sapna', '2018-02-25 04:39:19'),
(526, 171, 'SN240220182023', 'Test completed at fct 1', 'Prithvi', '2018-02-25 08:23:13'),
(527, 173, 'SN240220182023', 'Test Started at fct 1', 'Prashanth', '2018-02-25 08:23:44'),
(528, 172, 'SN240220182024', 'Test completed at fct 2', 'Sapna', '2018-02-25 08:24:13'),
(529, 174, 'SN240220182024', 'Test Started at fct 2', 'Pakkya', '2018-02-25 08:24:48'),
(530, 173, 'SN240220182023', 'Test completed at fct 1', 'Prashanth', '2018-02-25 09:53:12'),
(531, 174, 'SN240220182024', 'Test completed at fct 2', 'Pakkya', '2018-02-25 09:53:56'),
(532, 175, 'SN250220182245', 'Test Started at hipot 1', 'Rajanna', '2018-02-25 10:17:18'),
(533, 176, 'SN250220182246', 'Test Started at hipot 2', 'Manjanna', '2018-02-25 10:18:10'),
(534, 176, 'SN250220182246', 'Test completed at hipot 2', 'Manjanna', '2018-02-26 08:18:30'),
(535, 177, 'SN250220182246', 'Test Started at low power 2', 'Prakash', '2018-02-26 08:19:21'),
(536, 175, 'SN250220182245', 'Test completed at hipot 1', 'Rajanna', '2018-02-26 08:20:18'),
(537, 178, 'SN260220182050', 'Test Started at hipot 2', 'Naresh', '2018-02-26 08:22:48'),
(538, 179, 'SN260220182053', 'Test Started at hipot 1', 'Shruthi', '2018-02-26 08:25:27'),
(539, 180, 'SN250220182245', 'Test Started at low power 1', 'Maltesh', '2018-02-26 08:29:40'),
(540, 180, 'SN250220182245', 'Test completed at low power 1', 'Maltesh', '2018-02-27 06:22:01'),
(541, 181, 'SN250220182245', 'Test Started at fct 1', 'Pakkya', '2018-02-27 06:23:21'),
(542, 177, 'SN250220182246', 'Test completed at low power 2', 'Prakash', '2018-02-27 06:23:51'),
(543, 182, 'SN250220182246', 'Test Started at fct 2', 'Peddiah Nallabotula', '2018-02-27 06:24:52'),
(544, 179, 'SN260220182053', 'Test completed at hipot 1', 'Shruthi', '2018-02-27 06:25:26'),
(545, 183, 'SN260220182053', 'Test Started at low power 1', 'Pramod', '2018-02-27 06:35:46'),
(546, 178, 'SN260220182050', 'Test completed at hipot 2', 'Naresh', '2018-02-27 06:36:19'),
(547, 184, 'SN260220182050', 'Test Started at low power 2', 'Manjanna', '2018-02-27 06:37:15'),
(548, 181, 'SN250220182245', 'Test completed at fct 1', 'Pakkya', '2018-03-03 10:17:58'),
(549, 185, 'SN250220182245', 'Test Started at fct 1', 'Nazrana', '2018-03-03 10:18:31'),
(550, 182, 'SN250220182246', 'Test completed at fct 2', 'PeddiahNallabotula', '2018-03-03 10:19:22');
INSERT INTO `testlogs` (`LogId`, `TestId`, `SerialNumber`, `LogText`, `Author`, `CreatedAt`) VALUES
(551, 186, 'SN250220182246', 'Test Started at fct 2', 'Prem', '2018-03-03 10:19:54'),
(552, 183, 'SN260220182053', 'Test completed at low power 1', 'Pramod', '2018-03-03 10:20:45'),
(553, 184, 'SN260220182050', 'Test completed at low power 2', 'Manjanna', '2018-03-03 10:21:11');

-- --------------------------------------------------------

--
-- Table structure for table `tests`
--

CREATE TABLE IF NOT EXISTS `tests` (
  `TestId` int(11) NOT NULL AUTO_INCREMENT,
  `SerialNumber` varchar(50) NOT NULL,
  `ModelId` varchar(50) DEFAULT NULL,
  `Stage` varchar(50) NOT NULL,
  `System` varchar(50) DEFAULT NULL,
  `StartTest` datetime NOT NULL,
  `EndTest` datetime DEFAULT NULL,
  `UsageTime` int(11) DEFAULT '0',
  `DownTime` int(11) DEFAULT '0',
  `Status` varchar(50) DEFAULT NULL,
  `FailCount` int(11) DEFAULT '0',
  `testCompleted` int(11) NOT NULL DEFAULT '0',
  `TesterNames` varchar(250) DEFAULT NULL,
  PRIMARY KEY (`TestId`),
  KEY `ProductId` (`SerialNumber`)
) ENGINE=InnoDB  DEFAULT CHARSET=latin1 AUTO_INCREMENT=187 ;

--
-- Dumping data for table `tests`
--

INSERT INTO `tests` (`TestId`, `SerialNumber`, `ModelId`, `Stage`, `System`, `StartTest`, `EndTest`, `UsageTime`, `DownTime`, `Status`, `FailCount`, `testCompleted`, `TesterNames`) VALUES
(11, 'SN10212017619', 'SGINVDBQ-QAST36276-00 ', 'hipot', 'hipot 1', '2017-10-21 05:51:52', '2017-10-24 07:43:55', 1036, 3395, 'complete', 1, 0, 'hipot_user_1'),
(12, 'SN10212017622', NULL, 'hipot', 'hipot 2', '2017-10-21 05:59:20', '2017-10-24 07:48:17', 2370, 5, 'complete', 1, 0, 'hipot_user_2, Deepak'),
(13, 'SN10242017812', NULL, 'hipot', 'hipot 1', '2017-10-24 07:45:49', '2017-10-25 10:43:33', 380, 32, 'complete', 1, 0, 'hipot_user_1'),
(15, 'SN10242017812', NULL, 'low power', 'low power 1', '2017-10-25 10:44:55', '2017-10-26 02:08:05', 922, 0, 'complete', 0, 0, 'somashekar bhogaiah'),
(17, 'SN102720171105', NULL, 'hipot', 'hipot 1', '2017-10-27 10:37:18', NULL, 0, 0, 'inprogress', 0, 0, 'somashekar bhogaiah'),
(18, 'SN102720171116', NULL, 'hipot', 'hipot 2', '2017-10-27 10:48:10', '2017-10-27 20:43:11', 577, 0, 'complete', 0, 0, 'somashekar bhogaiah'),
(19, 'SN231020171102', NULL, 'hipot', 'hipot 1', '2017-10-27 11:40:50', NULL, 0, 0, 'inprogress', 0, 0, 'Deepak'),
(20, 'SN102820171247', NULL, 'hipot', 'hipot 1', '2017-10-27 12:18:43', '2017-10-27 20:42:19', 503, 0, 'complete', 0, 0, 'somashekar bhogaiah'),
(21, 'SN102820171247', NULL, 'low power', 'low power 1', '2017-10-27 20:46:48', '2017-10-28 07:49:56', 661, 306, 'complete', 3, 0, 'somashekar bhogaiah'),
(22, 'SN102820171247', NULL, 'burn in', 'fct 1', '2017-10-28 07:52:07', '2017-10-29 00:29:24', 215, 0, 'complete', 1, 0, 'somashekar bhogaiah'),
(23, 'SN102920171204', NULL, 'hipot', 'fct 2', '2017-10-28 11:39:11', '2017-10-28 11:43:55', 4, 0, 'complete', 0, 0, 'somashekar bhogaiah'),
(24, 'SN10292017321', NULL, 'hipot', 'hipot 1', '2017-10-29 02:56:28', '2017-10-29 04:15:56', 61, 12, 'complete', 1, 0, 'somashekar bhogaiah'),
(25, 'SN10292017321', NULL, 'low power', 'low power 1', '2017-10-29 04:18:55', '2017-10-29 05:29:16', 44, 22, 'complete', 1, 0, 'somashekar bhogaiah'),
(26, 'SN10292017321', NULL, 'burn in', 'fct 1', '2017-10-29 05:32:27', '2017-11-01 04:19:34', 0, 0, 'complete', 0, 0, 'sbhogaiah'),
(27, 'SN10292017105', NULL, 'hipot', 'hipot 2', '2017-10-29 06:54:33', '2017-10-29 09:12:18', 135, 0, 'complete', 1, 0, 'Manikandan, Kiran, Lahari'),
(28, 'SN110120171211', NULL, 'hipot', 'hipot 1', '2017-10-31 11:50:31', '2017-10-31 21:11:41', 487, 71, 'complete', 1, 0, 'somashekar bhogaiah'),
(29, 'SN110120171211', NULL, 'low power', 'low power 1', '2017-10-31 21:13:31', '2017-11-01 04:17:38', 245, 177, 'complete', 1, 0, 'sbhogaiah'),
(30, 'SN102820171247', NULL, 'fct', 'fct 2', '2017-10-31 23:59:55', '2017-11-01 04:18:33', 258, 0, 'complete', 0, 0, 'MANI'),
(31, 'SN110120171211', NULL, 'burn in', 'fct 1', '2017-11-01 04:20:40', '2017-11-01 09:22:52', 0, 0, 'complete', 0, 0, 'sbhogaiah'),
(32, 'SN11012017828', NULL, 'low power', 'low power 2', '2017-11-01 08:01:45', '2017-11-01 20:03:58', 719, 1, 'complete', 1, 0, 'sbhogaiah'),
(33, 'SN110120171005', NULL, 'hipot', 'hipot 1', '2017-11-01 10:38:26', '2017-11-01 21:24:28', 576, 68, 'complete', 1, 0, 'bhogaiah'),
(34, 'SN110120171005', NULL, 'low power', 'low power 1', '2017-11-01 22:01:35', '2017-11-02 09:22:12', 575, 104, 'complete', 1, 0, 'somashekar bhogaiah'),
(35, 'SN110120171005', NULL, 'burn in', 'fct 1', '2017-11-02 09:26:13', '2017-11-04 10:55:09', 2968, 0, 'complete', 0, 0, 'sbhogaiah'),
(36, 'SN110120171005', NULL, 'fct', 'fct 1', '2017-11-04 10:56:35', '2017-11-05 06:37:38', 751, 425, 'complete', 1, 0, 'sbhogaiah'),
(37, 'SN112620171009', NULL, 'hipot', 'hipot 1', '2017-11-26 09:43:14', '2017-11-26 22:11:51', 747, 0, 'complete', 0, 0, 'somashekar bhogaiah'),
(38, 'SN112620171018', NULL, 'hipot', 'hipot 2', '2017-11-26 10:00:02', '2017-11-26 22:12:41', 732, 0, 'complete', 0, 0, 'somashekar bhogaiah'),
(39, 'SN112620171009', NULL, 'low power', 'low power 1', '2017-11-26 22:14:31', '2017-11-27 09:43:31', 688, 0, 'complete', 0, 0, 'somashekar bhogaiah'),
(40, 'SN112620171018', NULL, 'low power', 'low power 2', '2017-11-26 22:15:44', '2017-11-27 09:44:24', 688, 0, 'complete', 0, 0, 'somashekar bhogaiah'),
(41, 'SN112620171009', NULL, 'burn in', 'fct 1', '2017-11-27 09:45:57', '2017-11-28 00:35:22', 889, 0, 'complete', 0, 0, 'somashekar bhogaiah'),
(42, 'SN112620171018', NULL, 'burn in', 'fct 2', '2017-11-27 09:47:30', '2017-11-28 00:36:05', 888, 0, 'complete', 0, 0, 'bhogaiah'),
(43, 'SN112620171009', NULL, 'fct', 'fct 1', '2017-11-28 00:37:26', '2017-11-29 00:38:03', 1440, 0, 'complete', 0, 0, 'sbhogaiah'),
(44, 'SN112620171018', NULL, 'fct', 'fct 2', '2017-11-28 00:38:30', '2017-11-29 00:38:40', 1439, 0, 'complete', 0, 0, 'ramesh'),
(45, 'SN161220171611', NULL, 'hipot', 'hipot 1', '2017-12-16 03:42:53', '2017-12-16 10:40:53', 216, 184, 'complete', 1, 0, 'somashekar'),
(46, 'SN161220171614', NULL, 'hipot', 'hipot 2', '2017-12-16 03:45:53', '2017-12-16 23:10:56', 0, 0, 'complete', 1, 0, 'bhogaiah'),
(47, 'SN161220171611', NULL, 'low power', 'low power 1', '2017-12-16 10:57:05', '2017-12-16 22:16:19', 678, 0, 'complete', 0, 0, 'somashekar'),
(48, 'SN161220171614', NULL, 'low power', 'low power 2', '2017-12-16 10:58:39', '2017-12-16 22:20:57', 682, 0, 'complete', 0, 0, 'bhogaiah'),
(49, 'SN161220171611', NULL, 'burn in', 'fct 1', '2017-12-16 22:22:54', '2017-12-17 06:58:45', 222, 292, 'complete', 1, 0, 'praveen'),
(50, 'SN161220171614', NULL, 'burn in', 'fct 2', '2017-12-16 22:23:43', '2017-12-17 06:59:19', 6, 290, 'complete', 1, 0, 'Kamal'),
(51, 'SN171220171132', NULL, 'hipot', 'hipot 1', '2017-12-16 23:05:44', '2017-12-17 11:13:06', 726, 0, 'complete', 0, 0, 'Pakkya'),
(52, 'SN171220171134', NULL, 'hipot', 'hipot 2', '2017-12-16 23:12:09', '2017-12-17 11:13:25', 720, 0, 'complete', 0, 0, 'hemanth'),
(53, 'SN161220171611', NULL, 'fct', 'fct 1', '2017-12-17 07:01:20', '2017-12-19 09:30:57', 3029, 0, 'complete', 0, 0, 'Somashekar'),
(54, 'SN161220171614', NULL, 'fct', 'fct 2', '2017-12-17 07:03:06', '2017-12-19 09:32:02', 3028, 0, 'complete', 0, 0, 'bhogaiah'),
(55, 'SN171220171132', NULL, 'low power', 'low power 1', '2017-12-18 09:40:10', '2017-12-19 09:36:25', 1436, 0, 'complete', 0, 0, 'somashekar'),
(56, 'SN171220171134', NULL, 'low power', 'low power 2', '2017-12-18 09:41:53', '2017-12-19 09:37:40', 1435, 0, 'complete', 0, 0, 'sbhogaiah'),
(57, 'SN171220171132', NULL, 'burn in', 'fct 1', '2017-12-19 09:40:09', '2017-12-20 07:28:57', 1308, 0, 'complete', 0, 0, 'pranav mishra'),
(58, 'SN171220171134', NULL, 'burn in', 'fct 2', '2017-12-19 09:43:20', '2017-12-20 07:29:33', 1306, 0, 'complete', 0, 0, 'Anush'),
(59, 'SN201220171954', NULL, 'hipot', 'hipot 1', '2017-12-20 07:27:07', '2017-12-21 06:48:28', 1217, 183, 'complete', 1, 0, 'Mallu'),
(60, 'SN201220171955', NULL, 'hipot', 'hipot 2', '2017-12-20 07:28:13', '2017-12-21 06:49:15', 1400, 0, 'complete', 0, 0, 'Prabu'),
(61, 'SN171220171132', NULL, 'fct', 'fct 1', '2017-12-20 07:31:25', '2017-12-21 06:41:18', 1389, 0, 'complete', 0, 0, 'Nimesh'),
(62, 'SN171220171134', NULL, 'fct', 'fct 2', '2017-12-20 07:32:27', '2017-12-21 06:42:01', 1298, 90, 'complete', 1, 0, 'Ambareesh'),
(63, 'SN201220171954', NULL, 'low power', 'low power 1', '2017-12-21 06:50:05', '2017-12-21 10:02:11', 91, 0, 'complete', 0, 0, 'Rupesh'),
(64, 'SN201220171955', NULL, 'low power', 'low power 2', '2017-12-21 06:52:21', '2017-12-21 10:02:39', 51, 138, 'complete', 1, 0, 'Nagesh'),
(65, 'SN201220171954', NULL, 'burn in', 'fct 1', '2017-12-21 10:03:41', '2017-12-21 23:14:38', 790, 0, 'complete', 0, 0, 'Neelkanth'),
(66, 'SN201220171955', NULL, 'burn in', 'fct 2', '2017-12-21 10:04:42', '2017-12-21 23:15:53', 791, 0, 'complete', 0, 0, 'Mahesh'),
(67, 'SN211220172236', NULL, 'hipot', 'hipot 1', '2017-12-21 10:08:47', '2017-12-21 23:17:20', 788, 0, 'complete', 0, 0, 'Peddaiah'),
(68, 'SN211220172237', NULL, 'hipot', 'hipot 2', '2017-12-21 10:09:35', '2017-12-21 23:19:05', 789, 0, 'complete', 0, 0, 'Deepak'),
(69, 'SN201220171954', NULL, 'fct', 'fct 1', '2017-12-21 23:15:27', '2017-12-22 09:13:10', 597, 0, 'complete', 0, 0, 'Mahesh'),
(70, 'SN201220171955', NULL, 'fct', 'fct 2', '2017-12-21 23:16:51', '2017-12-22 09:14:37', 597, 0, 'complete', 0, 0, 'Sripad'),
(71, 'SN211220172236', NULL, 'low power', 'low power 1', '2017-12-21 23:18:15', '2017-12-22 09:11:23', 452, 139, 'complete', 1, 0, 'Neelkanth'),
(72, 'SN211220172237', NULL, 'low power', 'low power 2', '2017-12-21 23:19:54', '2017-12-22 09:11:57', 453, 137, 'complete', 1, 0, 'Narayan'),
(73, 'SN221220171520', NULL, 'hipot', 'hipot 1', '2017-12-22 02:52:39', NULL, 0, 0, 'fail', 1, 0, 'Anand'),
(74, 'SN211220172236', NULL, 'burn in', 'fct 1', '2017-12-22 09:14:12', '2017-12-24 01:45:11', 2430, 0, 'complete', 0, 0, 'Hanumesh'),
(75, 'SN211220172237', NULL, 'burn in', 'fct 2', '2017-12-22 09:17:02', '2017-12-24 01:46:34', 2429, 0, 'complete', 0, 0, 'Halesh'),
(76, 'SN211220172236', NULL, 'fct', 'fct 1', '2017-12-24 01:46:01', '2017-12-25 09:30:01', 1903, 0, 'complete', 0, 0, 'Prakash Basappa'),
(77, 'SN211220172237', NULL, 'fct', 'fct 2', '2017-12-24 01:47:11', '2017-12-25 09:31:43', 1904, 0, 'complete', 0, 0, 'Maltesh Doggali'),
(78, 'SN221220171520', NULL, 'hipot', 'hipot 1', '2017-12-24 01:49:06', '2017-12-25 09:27:09', 1898, 0, 'complete', 0, 0, 'Anand bhogaiah'),
(79, 'SN221220171520', NULL, 'low power', 'low power 1', '2017-12-25 09:28:15', '2017-12-27 23:43:12', 3734, 0, 'complete', 0, 0, 'Halappa'),
(80, 'SN221220171520', NULL, 'burn in', 'fct 1', '2017-12-27 23:44:25', '2018-01-01 07:36:22', 6231, 0, 'complete', 0, 0, 'Sharan'),
(81, 'SN281220171215', NULL, 'hipot', 'hipot 1', '2017-12-27 23:47:43', '2018-01-01 07:36:55', 6229, 0, 'complete', 0, 0, 'Pakkya'),
(82, 'SN281220171216', NULL, 'hipot', 'hipot 2', '2017-12-27 23:48:29', '2018-01-01 07:37:29', 6228, 0, 'complete', 0, 0, 'Santosh hannikeri'),
(83, 'SN221220171520', NULL, 'fct', 'fct 1', '2018-01-01 07:39:55', '2018-01-05 09:41:23', 5881, 0, 'complete', 0, 0, 'Niranjan sutar'),
(84, 'SN281220171215', NULL, 'low power', 'low power 1', '2018-01-01 07:41:40', '2018-01-05 09:42:52', 5881, 0, 'complete', 0, 0, 'Virupaksha'),
(85, 'SN281220171216', NULL, 'low power', 'low power 2', '2018-01-01 07:43:31', '2018-01-05 09:44:01', 5880, 0, 'complete', 0, 0, 'Heerappa'),
(86, 'SN010120182242', NULL, 'hipot', 'hipot 1', '2018-01-01 10:15:11', '2018-01-05 09:44:41', 5729, 0, 'complete', 0, 0, 'Sridevi'),
(87, 'SN010120182243', NULL, 'hipot', 'hipot 2', '2018-01-01 10:17:22', '2018-01-05 09:45:30', 5728, 0, 'complete', 0, 0, 'Peddiah Nalla'),
(88, 'SN281220171215', NULL, 'burn in', 'fct 1', '2018-01-05 09:51:14', '2018-01-06 00:18:13', 866, 0, 'complete', 0, 0, 'Rupesh'),
(89, 'SN281220171216', NULL, 'burn in', 'fct 2', '2018-01-05 09:53:23', '2018-01-06 00:19:07', 865, 0, 'complete', 0, 0, 'Ninganna'),
(90, 'SN010120182242', NULL, 'low power', 'low power 1', '2018-01-05 09:54:38', '2018-01-06 00:19:51', 865, 0, 'complete', 0, 0, 'Sridevi'),
(91, 'SN010120182243', NULL, 'low power', 'low power 2', '2018-01-05 09:57:39', '2018-01-06 00:21:44', 864, 0, 'complete', 0, 0, 'Muhamad Pasha'),
(92, 'SN281220171215', NULL, 'fct', 'fct 1', '2018-01-06 00:29:51', '2018-01-06 10:12:07', 582, 0, 'complete', 0, 0, 'Ningaraj'),
(93, 'SN281220171216', NULL, 'fct', 'fct 2', '2018-01-06 00:34:27', '2018-01-06 10:12:54', 578, 0, 'complete', 0, 0, 'Prithvi'),
(94, 'SN060120181307', NULL, 'hipot', 'hipot 1', '2018-01-06 00:39:56', '2018-01-06 10:29:39', 589, 0, 'complete', 0, 0, 'Prakash'),
(95, 'SN060120181308', NULL, 'hipot', 'hipot 2', '2018-01-06 00:40:35', '2018-01-06 10:30:11', 589, 0, 'complete', 0, 0, 'Manju'),
(96, 'SN010120182242', NULL, 'burn in', 'fct 1', '2018-01-06 10:22:31', '2018-01-07 10:16:55', 1434, 0, 'complete', 0, 0, 'Tarun KUmar'),
(97, 'SN010120182243 ', NULL, 'burn in', 'fct 2', '2018-01-06 10:24:40', '2018-01-07 10:18:16', 1433, 0, 'complete', 0, 0, 'Thippeswamy'),
(98, 'SN060120181307', NULL, 'low power', 'low power 1', '2018-01-06 10:32:19', '2018-01-07 10:18:45', 1426, 0, 'complete', 0, 0, 'Monty'),
(99, 'SN060120181308', NULL, 'low power', 'low power 2', '2018-01-06 10:34:42', '2018-01-07 10:17:40', 1422, 0, 'complete', 0, 0, 'Ponty'),
(100, 'SN010120182242', NULL, 'fct', 'fct 1', '2018-01-07 10:19:56', '2018-01-09 09:44:34', 2844, 0, 'complete', 0, 0, 'Shajan'),
(101, 'SN010120182243', NULL, 'fct', 'fct 2', '2018-01-07 10:22:16', '2018-01-09 09:45:29', 2843, 0, 'complete', 0, 0, 'Vivek'),
(102, 'SN060120181307', NULL, 'burn in', 'fct 1', '2018-01-09 09:50:55', '2018-01-11 09:54:52', 2883, 0, 'complete', 0, 0, 'Mahesh'),
(103, 'SN060120181308', NULL, 'burn in', 'fct 2', '2018-01-09 09:53:03', '2018-01-11 09:55:21', 2882, 0, 'complete', 0, 0, 'Krithi'),
(104, 'SN090120182224', NULL, 'hipot', 'hipot 1', '2018-01-09 09:56:59', '2018-01-10 02:25:01', 985, 0, 'complete', 0, 0, 'Prakrith, prakash'),
(105, 'SN090120182225', NULL, 'hipot', 'hipot 2', '2018-01-09 09:57:57', '2018-01-11 09:53:30', 2875, 0, 'complete', 0, 0, 'Maltesh Doggali'),
(106, 'SN100120181455', NULL, 'hipot', 'hipot 1', '2018-01-10 02:38:19', '2018-01-11 09:51:47', 1871, 4, 'complete', 2, 0, 'mani'),
(107, 'SN100120181455', NULL, 'low power', 'low power 1', '2018-01-11 09:58:02', '2018-01-12 09:34:54', 1416, 0, 'complete', 0, 0, 'Punkaj'),
(108, 'SN060120181307', NULL, 'fct', 'fct 1', '2018-01-11 09:59:36', '2018-01-12 09:27:40', 1400, 0, 'complete', 0, 0, 'Manjappa'),
(109, 'SN060120181308', NULL, 'fct', 'fct 2', '2018-01-11 10:01:32', '2018-01-12 09:28:56', 1407, 0, 'complete', 0, 0, 'Nielson'),
(110, 'SN090120182224', NULL, 'low power', 'low power 2', '2018-01-11 10:03:33', '2018-01-12 09:35:51', 1412, 0, 'complete', 0, 0, 'Pampa'),
(111, 'SN090120182225', NULL, 'low power', 'low power 1', '2018-01-12 09:37:21', '2018-01-13 09:42:03', 1444, 0, 'complete', 0, 0, 'Kunja Dutta'),
(112, 'SN100120181455', NULL, 'burn in', 'fct 2', '2018-01-12 09:39:25', '2018-01-13 09:37:54', 1438, 0, 'complete', 0, 0, 'Priyanka'),
(113, 'SN100120181455', NULL, 'fct', 'fct 2', '2018-01-13 09:40:27', '2018-01-25 10:52:08', 17351, 0, 'complete', 0, 0, 'Muniyappa'),
(114, 'SN090120182224', NULL, 'burn in', 'fct 1', '2018-01-13 09:45:04', '2018-01-25 10:51:29', 17346, 0, 'complete', 0, 0, 'Mohan Kumar'),
(115, 'SN180120182208', NULL, 'hipot', 'hipot 1', '2018-01-18 14:12:06', '2018-02-05 10:43:04', 15825, 3, 'complete', 1, 0, 'Appandiraj'),
(116, 'SN090120182224', NULL, 'fct', 'fct 1', '2018-01-25 10:53:16', '2018-02-05 10:35:39', 15822, 0, 'complete', 0, 0, 'Ningaraj'),
(117, 'SN090120182225', NULL, 'burn in', 'fct 2', '2018-01-25 10:55:51', '2018-02-05 10:45:03', 15829, 0, 'complete', 0, 0, 'Muhamaud'),
(118, 'SN180120182208', NULL, 'low power', 'low power 1', '2018-02-05 10:44:08', '2018-02-07 07:56:22', 2712, 0, 'complete', 0, 0, 'Hanumesh'),
(119, 'SN090120182225', NULL, 'fct', 'fct 2', '2018-02-05 10:46:44', '2018-02-07 07:59:14', 2712, 0, 'complete', 0, 0, 'Heerappa'),
(120, 'SN180120182208', NULL, 'burn in', 'fct 1', '2018-02-07 07:58:00', '2018-02-08 10:59:51', 1621, 0, 'complete', 0, 0, 'Prithvi'),
(121, 'SN070220182212', NULL, 'hipot', 'hipot 1', '2018-02-07 09:51:04', '2018-02-08 11:02:21', 1511, 0, 'complete', 0, 0, 'Prakash'),
(122, 'SN070220132223', NULL, 'hipot', 'hipot 2', '2018-02-07 09:56:08', '2018-02-08 11:03:56', 1507, 0, 'complete', 0, 0, 'Nithya'),
(123, 'SN180120182208', NULL, 'fct', 'fct 1', '2018-02-08 11:00:32', '2018-02-09 09:37:27', 1356, 0, 'complete', 0, 0, 'Milan'),
(124, 'SN070220182212', NULL, 'low power', 'low power 1', '2018-02-08 11:11:52', '2018-02-09 09:38:48', 1346, 0, 'complete', 0, 0, 'Nimesh'),
(125, 'SN070220132223', NULL, 'low power', 'low power 2', '2018-02-08 11:18:54', '2018-02-09 09:39:31', 1340, 0, 'complete', 0, 0, 'Bijoy'),
(126, 'SN070220182212', NULL, 'burn in', 'fct 1', '2018-02-09 09:40:59', '2018-02-10 01:15:57', 934, 0, 'complete', 0, 0, 'Peddaiah '),
(127, 'SN070220132223', NULL, 'burn in', 'fct 2', '2018-02-09 09:42:36', '2018-02-10 08:24:56', 1362, 0, 'complete', 0, 0, 'Soumya machaiah'),
(128, 'SN070220182212', NULL, 'fct', 'fct 2', '2018-02-10 08:27:07', '2018-02-10 09:38:26', 71, 0, 'complete', 0, 0, 'Nagesh'),
(129, 'SN070220132223', NULL, 'fct', 'fct 1', '2018-02-10 08:30:04', '2018-02-10 09:37:17', 67, 0, 'complete', 0, 0, 'Shilpa'),
(130, 'SN100220182102', NULL, 'hipot', 'hipot 1', '2018-02-10 08:36:20', '2018-02-10 11:18:40', 162, 0, 'complete', 0, 0, 'Krishna'),
(131, 'SN100220182104', NULL, 'hipot', 'hipot 2', '2018-02-10 08:38:06', '2018-02-10 11:19:53', 161, 0, 'complete', 0, 0, 'Prashanthi'),
(132, 'SN100220182102', NULL, 'low power', 'low power 1', '2018-02-10 11:38:37', '2018-02-11 01:27:31', 828, 0, 'complete', 0, 0, 'Prakash'),
(133, 'SN100220182104', NULL, 'low power', 'low power 2', '2018-02-10 11:41:19', '2018-02-11 01:28:16', 826, 0, 'complete', 0, 0, 'Laksh'),
(134, 'SN110220181402', NULL, 'hipot', 'hipot 1', '2018-02-11 01:36:50', '2018-02-11 10:54:57', 558, 0, 'complete', 0, 0, 'Nagesh'),
(135, 'SN100220182102', NULL, 'burn in', 'fct 1', '2018-02-11 01:38:36', '2018-02-11 10:51:41', 553, 0, 'complete', 0, 0, 'Prashanthi'),
(136, 'SN100220182104', NULL, 'burn in', 'fct 2', '2018-02-11 01:39:59', '2018-02-11 10:53:00', 552, 0, 'complete', 0, 0, 'Mahesh'),
(137, 'SN100220182102', NULL, 'fct', 'fct 1', '2018-02-11 10:52:27', '2018-02-12 09:52:55', 1380, 0, 'complete', 0, 0, 'Priyanka'),
(138, 'SN100220182104', NULL, 'fct', 'fct 2', '2018-02-11 10:53:57', '2018-02-12 09:54:05', 1380, 0, 'complete', 0, 0, 'Manjula Mohan'),
(139, 'SN110220181402', NULL, 'low power', 'low power 1', '2018-02-11 10:55:58', '2018-02-12 09:57:32', 1381, 0, 'complete', 0, 0, 'Geetha'),
(140, 'SN110220181402', NULL, 'burn in', 'fct 1', '2018-02-12 09:58:52', '2018-02-14 00:24:04', 2305, 0, 'complete', 0, 0, 'Soumya Machaiah'),
(141, 'SN130220181247', NULL, 'hipot', 'hipot 1', '2018-02-13 00:20:18', '2018-02-14 00:30:29', 1450, 0, 'complete', 0, 0, 'Manikandan'),
(142, 'SN130220181248', NULL, 'hipot', 'hipot 2', '2018-02-13 00:21:05', '2018-02-14 00:31:58', 1450, 0, 'complete', 0, 0, 'Geetha'),
(143, 'SN110220181402', NULL, 'fct', 'fct 1', '2018-02-14 00:29:28', '2018-02-16 21:56:58', 4167, 0, 'complete', 0, 0, 'Paapi'),
(144, 'SN130220181247', NULL, 'low power', 'low power 1', '2018-02-14 00:31:07', '2018-02-16 21:56:05', 4164, 0, 'complete', 0, 0, 'Philip'),
(145, 'SN130220181248', NULL, 'low power', 'low power 2', '2018-02-14 00:32:49', '2018-02-16 22:00:56', 4168, 0, 'complete', 0, 0, 'Nagendra'),
(146, 'SN140220181303', NULL, 'hipot', 'hipot 1', '2018-02-14 00:35:56', '2018-02-16 22:04:49', 4167, 1, 'complete', 2, 0, 'Deepak, hrishi'),
(147, 'SN140220181304', NULL, 'hipot', 'hipot 2', '2018-02-14 00:36:34', '2018-02-16 22:05:57', 4169, 0, 'complete', 0, 0, 'Ramanna'),
(148, 'SN130220181247', NULL, 'burn in', 'fct 1', '2018-02-16 21:57:42', '2018-02-20 10:12:25', 5054, 0, 'complete', 0, 0, 'Nithya'),
(149, 'SN130220181248', NULL, 'burn in', 'fct 2', '2018-02-16 22:01:49', '2018-02-20 10:15:28', 5053, 0, 'complete', 0, 0, 'Kim Zong'),
(150, 'SN140220181303', NULL, 'low power', 'low power 1', '2018-02-16 22:05:37', '2018-02-20 10:16:47', 5051, 0, 'complete', 0, 0, 'Ramya'),
(151, 'SN140220181304', NULL, 'low power', 'low power 2', '2018-02-16 22:06:55', '2018-02-20 10:17:34', 5050, 0, 'complete', 0, 0, 'Ranveer'),
(152, 'SN170220181037', NULL, 'hipot', 'hipot 1', '2018-02-16 22:10:03', NULL, 0, 0, 'fail', 1, 0, 'Santosh Hanikeri'),
(153, 'SN170220181038', NULL, 'hipot', 'hipot 2', '2018-02-16 22:10:55', '2018-02-20 10:20:12', 5049, 0, 'complete', 0, 0, 'Virupaksha'),
(154, 'SN170220181037', NULL, 'hipot', 'hipot 1', '2018-02-17 05:52:14', '2018-02-20 10:18:12', 1123, 3442, 'complete', 1, 0, 'Alpesh'),
(155, 'SN130220181247', NULL, 'fct', 'fct 1', '2018-02-20 10:14:19', '2018-02-21 07:53:47', 1299, 0, 'complete', 0, 0, 'Swetha'),
(156, 'SN130220181248', NULL, 'fct', 'fct 2', '2018-02-20 10:16:00', '2018-02-21 07:54:16', 1298, 0, 'complete', 0, 0, 'Machaiah'),
(157, 'SN170220181037', NULL, 'low power', 'low power 1', '2018-02-20 10:21:17', '2018-02-21 07:52:40', 1290, 0, 'complete', 0, 0, 'Ningaraj'),
(158, 'SN170220181038', 'SOLAR1224-09', 'low power', 'low power 2', '2018-02-20 10:22:46', '2018-02-21 07:53:03', 1288, 0, 'complete', 0, 1, 'Prakash'),
(159, 'SN220220182210', 'SGINVDBQ-QAST33267-00', 'hipot', 'hipot 1', '2018-02-22 09:42:42', '2018-02-22 21:17:15', 694, 0, 'complete', 0, 0, 'Ragavendra'),
(160, 'SN220220182215', '0G-SGINVDBPVNS-STD', 'hipot', 'hipot 2', '2018-02-22 09:47:08', '2018-02-22 21:18:51', 691, 0, 'complete', 0, 0, 'Naganna'),
(161, 'SN220220182210', 'SGINVDBQ-QAST33267-00', 'low power', 'low power 1', '2018-02-22 21:18:05', '2018-02-23 05:35:59', 497, 0, 'complete', 0, 0, 'Santosh'),
(162, 'SN220220182215', '0G-SGINVDBPVNS-STD', 'low power', 'low power 2', '2018-02-22 21:19:36', '2018-02-23 05:38:01', 498, 0, 'complete', 0, 0, 'Rajesh'),
(163, 'SN220220182210', 'SGINVDBQ-QAST33267-00', 'burn in', 'fct 1', '2018-02-23 05:36:45', '2018-02-23 23:51:58', 828, 129, 'complete', 1, 0, 'Rajanna'),
(164, 'SN220220182215', '0G-SGINVDBPVNS-STD ', 'burn in', 'fct 2', '2018-02-23 05:39:55', '2018-02-23 23:52:45', 918, 36, 'complete', 1, 0, 'Priyanka'),
(165, 'SN220220182210', 'SGINVDBQ-QAST33267-00', 'fct', 'fct 1', '2018-02-23 23:52:27', '2018-02-24 05:47:58', 355, 0, 'complete', 0, 0, 'Prashanth'),
(166, 'SN220220182215', '0G-SGINVDBPVNS-STD ', 'fct', 'fct 2', '2018-02-23 23:53:09', '2018-02-24 05:48:44', 355, 0, 'complete', 0, 0, 'Hanumesh'),
(167, 'SN240220182023', 'SGINVDBQ-QAST93125-00', 'hipot', 'hipot 1', '2018-02-24 07:55:03', '2018-02-25 01:13:31', 1037, 0, 'complete', 0, 1, 'Ramesh'),
(168, 'SN240220182024', 'SKUSOLAR8G23400', 'hipot', 'hipot 2', '2018-02-24 07:55:41', '2018-02-25 01:15:35', 1039, 0, 'complete', 0, 1, 'Nagendra'),
(169, 'SN240220182023', 'SGINVDBQ-QAST93125-00', 'low power', 'low power 1', '2018-02-25 01:16:56', '2018-02-25 04:36:39', 199, 0, 'complete', 0, 1, 'Paresh'),
(170, 'SN240220182024', 'SKUSOLAR8G23400', 'low power', 'low power 2', '2018-02-25 01:17:45', '2018-02-25 04:38:27', 200, 0, 'complete', 0, 1, 'Virupaksha'),
(171, 'SN240220182023', 'SGINVDBQ-QAST93125-00', 'burn in', 'fct 1', '2018-02-25 04:37:53', '2018-02-25 08:23:13', 225, 0, 'complete', 0, 1, 'Prithvi'),
(172, 'SN240220182024', 'SKUSOLAR8G23400', 'burn in', 'fct 2', '2018-02-25 04:39:19', '2018-02-25 08:24:13', 224, 0, 'complete', 0, 1, 'Sapna'),
(173, 'SN240220182023', 'SGINVDBQ-QAST93125-00', 'fct', 'fct 1', '2018-02-25 08:23:44', '2018-02-25 09:53:12', 88, 0, 'complete', 0, 1, 'Prashanth'),
(174, 'SN240220182024', 'SKUSOLAR8G23400', 'fct', 'fct 2', '2018-02-25 08:24:48', '2018-02-25 09:53:56', 89, 0, 'complete', 0, 1, 'Pakkya'),
(175, 'SN250220182245', 'SGINVDBQ-QAST36276-00', 'hipot', 'hipot 1', '2018-02-25 10:17:18', '2018-02-26 08:20:18', 1322, 0, 'complete', 0, 1, 'Rajanna'),
(176, 'SN250220182246', 'SOLAR1224-09', 'hipot', 'hipot 2', '2018-02-25 10:18:10', '2018-02-26 08:18:30', 1320, 0, 'complete', 0, 1, 'Manjanna'),
(177, 'SN250220182246', 'SOLAR1224-09', 'low power', 'low power 2', '2018-02-26 08:19:21', '2018-02-27 06:23:51', 1324, 0, 'complete', 0, 1, 'Prakash'),
(178, 'SN260220182050', 'SGINVDBQ-QAST79163-00', 'hipot', 'hipot 2', '2018-02-26 08:22:48', '2018-02-27 06:36:19', 1333, 0, 'complete', 0, 1, 'Naresh'),
(179, 'SN260220182053', 'SGINVDBQ-QAST79163-00', 'hipot', 'hipot 1', '2018-02-26 08:25:27', '2018-02-27 06:25:26', 1319, 0, 'complete', 0, 1, 'Shruthi'),
(180, 'SN250220182245', 'SGINVDBQ-QAST36276-00', 'low power', 'low power 1', '2018-02-26 08:29:40', '2018-02-27 06:22:01', 1312, 0, 'complete', 0, 1, 'Maltesh'),
(181, 'SN250220182245', 'SGINVDBQ-QAST36276-00', 'burn in', 'fct 1', '2018-02-27 06:23:21', '2018-03-03 10:17:58', 5994, 0, 'complete', 0, 1, 'Pakkya'),
(182, 'SN250220182246', 'SOLAR1224-09', 'burn in', 'fct 2', '2018-02-27 06:24:52', '2018-03-03 10:19:22', 5994, 0, 'complete', 0, 1, 'Peddiah Nallabotula'),
(183, 'SN260220182053', 'SGINVDBQ-QAST79163-00', 'low power', 'low power 1', '2018-02-27 06:35:46', '2018-03-03 10:20:45', 5984, 0, 'complete', 0, 1, 'Pramod'),
(184, 'SN260220182050', 'SGINVDBQ-QAST79163-00', 'low power', 'low power 2', '2018-02-27 06:37:15', '2018-03-03 10:21:11', 5983, 0, 'complete', 0, 1, 'Manjanna'),
(185, 'SN250220182245', 'SGINVDBQ-QAST36276-00', 'fct', 'fct 1', '2018-03-03 10:18:31', NULL, 0, 0, 'inprogress', 0, 0, 'Nazrana'),
(186, 'SN250220182246', 'SOLAR1224-09', 'fct', 'fct 2', '2018-03-03 10:19:54', NULL, 0, 0, 'inprogress', 0, 0, 'Prem');

-- --------------------------------------------------------

--
-- Table structure for table `timestamps`
--

CREATE TABLE IF NOT EXISTS `timestamps` (
  `StampId` int(11) NOT NULL AUTO_INCREMENT,
  `SerialNumber` varchar(255) NOT NULL,
  `ProdOut` datetime NOT NULL,
  `ProdOutOpId` varchar(255) NOT NULL,
  `BayIn` datetime DEFAULT NULL,
  `BayInOpId` varchar(255) DEFAULT NULL,
  `HipotIn` datetime DEFAULT NULL,
  `HipotOut` datetime DEFAULT NULL,
  `LowPowerIn` datetime DEFAULT NULL,
  `LowPowerOut` datetime DEFAULT NULL,
  `BurnInIn` datetime DEFAULT NULL,
  `BurnInOut` datetime DEFAULT NULL,
  `FctIn` datetime DEFAULT NULL,
  `FctOut` datetime DEFAULT NULL,
  `FinishIn` datetime DEFAULT NULL,
  `FinishInOpId` varchar(255) DEFAULT NULL,
  `FinishOut` datetime DEFAULT NULL,
  `FinishOutOpId` varchar(255) DEFAULT NULL,
  `PackIn` datetime DEFAULT NULL,
  `PackInOpId` varchar(255) DEFAULT NULL,
  `PackOut` datetime DEFAULT NULL,
  `PackOutOpId` varchar(255) DEFAULT NULL,
  `Stage` int(11) DEFAULT '0',
  PRIMARY KEY (`StampId`),
  UNIQUE KEY `ProductId` (`SerialNumber`)
) ENGINE=InnoDB  DEFAULT CHARSET=latin1 AUTO_INCREMENT=62 ;

--
-- Dumping data for table `timestamps`
--

INSERT INTO `timestamps` (`StampId`, `SerialNumber`, `ProdOut`, `ProdOutOpId`, `BayIn`, `BayInOpId`, `HipotIn`, `HipotOut`, `LowPowerIn`, `LowPowerOut`, `BurnInIn`, `BurnInOut`, `FctIn`, `FctOut`, `FinishIn`, `FinishInOpId`, `FinishOut`, `FinishOutOpId`, `PackIn`, `PackInOpId`, `PackOut`, `PackOutOpId`, `Stage`) VALUES
(4, 'SN10212017619', '2017-10-21 05:49:54', 'production', '2017-10-21 05:50:45', 'hipot1', '2017-10-21 05:51:52', '2017-10-24 07:43:55', NULL, NULL, NULL, NULL, NULL, NULL, NULL, NULL, NULL, NULL, NULL, NULL, NULL, NULL, 4),
(5, 'SN10212017622', '2017-10-21 05:54:36', 'production', '2017-10-21 05:55:38', 'hipot2', '2017-10-21 05:59:20', '2017-10-24 07:48:17', NULL, NULL, NULL, NULL, NULL, NULL, NULL, NULL, NULL, NULL, NULL, NULL, NULL, NULL, 4),
(6, 'SN231020171102', '2017-10-22 22:32:24', 'production', '2017-10-27 11:40:42', 'F848', '2017-10-27 11:40:50', NULL, NULL, NULL, NULL, NULL, NULL, NULL, NULL, NULL, NULL, NULL, NULL, NULL, NULL, NULL, 3),
(7, 'SN10242017812', '2017-10-24 07:43:02', 'production', '2017-10-24 07:44:35', 'hipot1', '2017-10-24 07:45:49', '2017-10-25 10:43:33', '2017-10-25 10:44:55', '2017-10-26 02:08:05', NULL, NULL, NULL, NULL, NULL, NULL, NULL, NULL, NULL, NULL, NULL, NULL, 6),
(8, 'SN10242017817', '2017-10-24 07:47:51', 'production', '2017-10-24 07:48:49', 'hipot2', '2017-10-24 07:49:49', '2017-10-25 10:46:05', '2017-10-25 10:47:23', '2017-10-26 02:08:54', NULL, NULL, NULL, NULL, NULL, NULL, NULL, NULL, NULL, NULL, NULL, NULL, 6),
(9, 'SN102720171105', '2017-10-27 10:35:19', 'production', '2017-10-27 10:36:18', 'F848', '2017-10-27 10:37:18', NULL, NULL, NULL, NULL, NULL, NULL, NULL, NULL, NULL, NULL, NULL, NULL, NULL, NULL, NULL, 3),
(10, 'SN102720171116', '2017-10-27 10:46:20', 'production', '2017-10-27 10:47:18', 'hipot2', '2017-10-27 10:48:10', '2017-10-27 20:43:11', NULL, NULL, NULL, NULL, NULL, NULL, NULL, NULL, NULL, NULL, NULL, NULL, NULL, NULL, 4),
(11, 'SN102820171247', '2017-10-27 12:17:35', 'production', '2017-10-27 12:18:25', 'F848', '2017-10-27 12:18:43', '2017-10-27 20:42:19', '2017-10-27 20:46:48', '2017-10-28 07:49:56', '2017-10-28 07:52:07', '2017-10-29 00:29:24', '2017-10-31 23:59:55', '2017-11-01 04:18:33', NULL, NULL, NULL, NULL, NULL, NULL, NULL, NULL, 10),
(12, 'SN102920171204', '2017-10-28 11:36:56', 'production', '2017-10-28 11:38:57', 'FT1362', '2017-10-28 11:39:11', '2017-10-28 11:43:55', NULL, NULL, NULL, NULL, NULL, NULL, NULL, NULL, NULL, NULL, NULL, NULL, NULL, NULL, 4),
(13, 'SN10292017105', '2017-10-29 00:35:54', 'production', '2017-10-29 06:50:06', 'F838', '2017-10-29 06:54:33', '2017-10-29 09:12:18', NULL, NULL, NULL, NULL, NULL, NULL, NULL, NULL, NULL, NULL, NULL, NULL, NULL, NULL, 4),
(14, 'SN10292017321', '2017-10-29 02:51:28', 'production', '2017-10-29 02:56:14', 'F848', '2017-10-29 02:56:28', '2017-10-29 04:15:56', '2017-10-29 04:18:55', '2017-10-29 05:29:16', '2017-10-29 05:32:27', '2017-11-01 04:19:34', NULL, NULL, NULL, NULL, NULL, NULL, NULL, NULL, NULL, NULL, 8),
(15, 'SN110120171211', '2017-10-31 11:41:45', 'production', '2017-10-31 11:50:19', 'F848', '2017-10-31 11:50:31', '2017-10-31 21:11:41', '2017-10-31 21:13:31', '2017-11-01 04:17:38', '2017-11-01 04:20:40', '2017-11-01 09:22:52', NULL, NULL, NULL, NULL, NULL, NULL, NULL, NULL, NULL, NULL, 8),
(16, 'SN11012017828', '2017-11-01 07:58:40', 'production', '2017-11-01 08:01:32', 'FT1363', '2017-11-01 08:01:45', '2017-11-01 20:03:58', NULL, NULL, NULL, NULL, NULL, NULL, NULL, NULL, NULL, NULL, NULL, NULL, NULL, NULL, 4),
(17, 'SN11012017958', '2017-11-01 09:28:59', 'production', NULL, NULL, NULL, NULL, NULL, NULL, NULL, NULL, NULL, NULL, NULL, NULL, NULL, NULL, NULL, NULL, NULL, NULL, 1),
(18, 'SN110120171005', '2017-11-01 09:35:38', 'production', '2017-11-01 10:38:15', 'F848', '2017-11-01 10:38:26', '2017-11-01 21:24:28', '2017-11-01 22:01:35', '2017-11-02 09:22:12', '2017-11-02 09:26:13', '2017-11-04 10:55:09', '2017-11-04 10:56:35', '2017-11-05 06:37:38', NULL, NULL, NULL, NULL, NULL, NULL, NULL, NULL, 10),
(19, 'SN112620171009', '2017-11-26 09:39:27', 'production', '2017-11-26 09:43:01', 'F848', '2017-11-26 09:43:14', '2017-11-26 22:11:51', '2017-11-26 22:14:31', '2017-11-27 09:43:31', '2017-11-27 09:45:57', '2017-11-28 00:35:22', '2017-11-28 00:37:26', '2017-11-29 00:38:03', NULL, NULL, NULL, NULL, NULL, NULL, NULL, NULL, 10),
(20, 'SN112620171010', '2017-11-26 09:41:01', 'production', NULL, NULL, NULL, NULL, NULL, NULL, NULL, NULL, NULL, NULL, NULL, NULL, NULL, NULL, NULL, NULL, NULL, NULL, 1),
(21, 'SN112620171018', '2017-11-26 09:48:19', 'production', '2017-11-26 09:59:20', 'F838', '2017-11-26 10:00:02', '2017-11-26 22:12:41', '2017-11-26 22:15:44', '2017-11-27 09:44:24', '2017-11-27 09:47:30', '2017-11-28 00:36:05', '2017-11-28 00:38:30', '2017-11-29 00:38:40', NULL, NULL, NULL, NULL, NULL, NULL, NULL, NULL, 10),
(22, 'SN112620171025', '2017-11-26 09:56:03', 'production', NULL, NULL, NULL, NULL, NULL, NULL, NULL, NULL, NULL, NULL, NULL, NULL, NULL, NULL, NULL, NULL, NULL, NULL, 1),
(23, 'SN161220171611', '2017-12-16 03:41:52', 'production', '2017-12-16 03:42:43', 'F848', '2017-12-16 03:42:53', '2017-12-16 10:40:53', '2017-12-16 10:57:05', '2017-12-16 22:16:19', '2017-12-16 22:22:54', '2017-12-17 06:58:45', '2017-12-17 07:01:20', '2017-12-19 09:30:57', '2017-12-20 08:07:35', 'finishing', '2017-12-20 08:07:44', 'finishing', '2017-12-20 08:09:31', 'packaging', '2017-12-20 08:09:34', 'packaging', 14),
(24, 'SN161220171614', '2017-12-16 03:44:48', 'production', '2017-12-16 03:45:23', 'F838', '2017-12-16 03:45:53', '2017-12-16 10:40:16', '2017-12-16 10:58:39', '2017-12-16 22:20:57', '2017-12-16 22:23:43', '2017-12-16 23:10:56', '2017-12-17 07:03:06', '2017-12-19 09:32:02', '2017-12-20 08:11:10', 'finishing', '2017-12-20 08:11:35', 'finishing', '2017-12-20 08:13:23', 'packaging', '2017-12-20 08:13:26', 'packaging', 14),
(25, 'SN171220171132', '2017-12-16 23:03:33', 'production', '2017-12-16 23:05:34', 'F848', '2017-12-16 23:05:44', '2017-12-17 11:13:06', '2017-12-18 09:40:10', '2017-12-19 09:36:25', '2017-12-19 09:40:09', '2017-12-20 07:28:57', '2017-12-20 07:31:25', '2017-12-21 06:41:18', '2017-12-21 06:43:53', 'finishing', '2017-12-21 06:43:57', 'finishing', '2017-12-21 06:46:08', 'packaging', '2017-12-21 06:46:11', 'packaging', 14),
(26, 'SN171220171134', '2017-12-16 23:04:09', 'production', '2017-12-16 23:12:02', 'F838', '2017-12-16 23:12:09', '2017-12-17 11:13:25', '2017-12-18 09:41:53', '2017-12-19 09:37:40', '2017-12-19 09:43:20', '2017-12-20 07:29:33', '2017-12-20 07:32:27', '2017-12-21 06:42:01', '2017-12-21 06:44:30', 'finishing', '2017-12-21 06:44:35', 'finishing', '2017-12-21 06:45:37', 'packaging', '2017-12-21 06:45:41', 'packaging', 14),
(27, 'SN201220171954', '2017-12-20 07:24:43', 'production', '2017-12-20 07:26:58', 'F848', '2017-12-20 07:27:07', '2017-12-21 06:48:28', '2017-12-21 06:50:05', '2017-12-21 10:02:11', '2017-12-21 10:03:41', '2017-12-21 23:14:38', '2017-12-21 23:15:27', '2017-12-22 09:13:10', '2017-12-22 09:21:25', 'finishing', '2017-12-22 09:21:29', 'finishing', '2017-12-22 09:22:33', 'packaging', '2017-12-22 09:22:35', 'packaging', 14),
(28, 'SN201220171955', '2017-12-20 07:25:41', 'production', '2017-12-20 07:28:04', 'F838', '2017-12-20 07:28:13', '2017-12-21 06:49:15', '2017-12-21 06:52:21', '2017-12-21 10:02:39', '2017-12-21 10:04:42', '2017-12-21 23:15:53', '2017-12-21 23:16:51', '2017-12-22 09:14:37', '2017-12-22 09:21:50', 'finishing', '2017-12-22 09:21:53', 'finishing', '2017-12-22 09:23:23', 'packaging', '2017-12-22 09:23:25', 'packaging', 14),
(29, 'SN211220172236', '2017-12-21 10:06:59', 'production', '2017-12-21 10:08:39', 'F848', '2017-12-21 10:08:47', '2017-12-21 23:17:20', '2017-12-21 23:18:15', '2017-12-22 09:11:23', '2017-12-22 09:14:12', '2017-12-24 01:45:11', '2017-12-24 01:46:01', '2017-12-25 09:30:01', '2017-12-25 09:33:09', 'finishing', '2017-12-25 09:33:11', 'finishing', '2017-12-25 09:35:35', 'packaging', '2017-12-25 09:35:37', 'packaging', 14),
(30, 'SN211220172237', '2017-12-21 10:07:59', 'production', '2017-12-21 10:09:27', 'F838', '2017-12-21 10:09:35', '2017-12-21 23:19:05', '2017-12-21 23:19:54', '2017-12-22 09:11:57', '2017-12-22 09:17:02', '2017-12-24 01:46:34', '2017-12-24 01:47:11', '2017-12-25 09:31:43', '2017-12-25 09:33:49', 'finishing', '2017-12-25 09:33:52', 'finishing', '2017-12-25 09:36:21', 'packaging', '2017-12-25 09:36:24', 'packaging', 14),
(31, 'SN221220171520', '2017-12-22 02:51:47', 'production', '2017-12-22 02:52:23', 'F848', '2017-12-24 01:49:06', '2017-12-25 09:27:09', '2017-12-25 09:28:15', '2017-12-27 23:43:12', '2017-12-27 23:44:25', '2018-01-01 07:36:22', '2018-01-01 07:39:55', '2018-01-05 09:41:23', '2018-01-05 09:47:06', 'finishing', '2018-01-05 09:47:11', 'finishing', '2018-01-05 09:48:22', 'packaging', '2018-01-05 09:48:25', 'packaging', 14),
(32, 'SN281220171215', '2017-12-27 23:45:48', 'production', '2017-12-27 23:47:37', 'F848', '2017-12-27 23:47:43', '2018-01-01 07:36:55', '2018-01-01 07:41:40', '2018-01-05 09:42:52', '2018-01-05 09:51:14', '2018-01-06 00:18:13', '2018-01-06 00:29:51', '2018-01-06 10:12:07', '2018-01-06 10:14:08', 'finishing', '2018-01-06 10:14:10', 'finishing', '2018-01-06 10:16:44', 'packaging', '2018-01-06 10:16:47', 'packaging', 14),
(33, 'SN281220171216', '2017-12-27 23:46:54', 'production', '2017-12-27 23:48:14', 'F838', '2017-12-27 23:48:29', '2018-01-01 07:37:29', '2018-01-01 07:43:31', '2018-01-05 09:44:01', '2018-01-05 09:53:23', '2018-01-06 00:19:07', '2018-01-06 00:34:27', '2018-01-06 10:12:54', '2018-01-06 10:14:56', 'finishing', '2018-01-06 10:14:59', 'finishing', '2018-01-06 10:17:13', 'packaging', '2018-01-06 10:17:16', 'packaging', 14),
(34, 'SN010120182242', '2018-01-01 10:12:59', 'production', '2018-01-01 10:14:57', 'F848', '2018-01-01 10:15:11', '2018-01-05 09:44:41', '2018-01-05 09:54:38', '2018-01-06 00:19:51', '2018-01-06 10:22:31', '2018-01-07 10:16:55', '2018-01-07 10:19:56', '2018-01-09 09:44:34', '2018-01-09 09:46:50', 'finishing', '2018-01-09 09:46:53', 'finishing', NULL, NULL, NULL, NULL, 12),
(35, 'SN010120182243', '2018-01-01 10:13:47', 'production', '2018-01-01 10:17:03', 'F838', '2018-01-01 10:17:22', '2018-01-05 09:45:30', '2018-01-05 09:57:39', '2018-01-06 00:21:44', '2018-01-06 10:24:40', '2018-01-07 10:18:16', '2018-01-07 10:22:16', '2018-01-09 09:45:29', '2018-01-09 09:47:30', 'finishing', '2018-01-09 09:47:35', 'finishing', NULL, NULL, NULL, NULL, 12),
(36, 'SN060120181307', '2018-01-06 00:38:11', 'production', '2018-01-06 00:39:37', 'F848', '2018-01-06 00:39:56', '2018-01-06 10:29:39', '2018-01-06 10:32:19', '2018-01-07 10:18:45', '2018-01-09 09:50:55', '2018-01-11 09:54:52', '2018-01-11 09:59:36', '2018-01-12 09:27:40', '2018-01-12 09:31:18', 'finishing', '2018-01-12 09:31:23', 'finishing', '2018-01-12 09:32:56', 'packaging', '2018-01-12 09:32:59', 'packaging', 14),
(37, 'SN060120181308', '2018-01-06 00:38:47', 'production', '2018-01-06 00:40:30', 'F838', '2018-01-06 00:40:35', '2018-01-06 10:30:11', '2018-01-06 10:34:42', '2018-01-07 10:17:40', '2018-01-09 09:53:03', '2018-01-11 09:55:21', '2018-01-11 10:01:32', '2018-01-12 09:28:56', '2018-01-12 09:32:01', 'finishing', '2018-01-12 09:32:04', 'finishing', '2018-01-12 09:33:32', 'packaging', '2018-01-12 09:33:36', 'packaging', 14),
(38, 'SN090120182224', '2018-01-09 09:54:43', 'production', '2018-01-09 09:56:48', 'F848', '2018-01-09 09:56:59', '2018-01-10 02:25:01', '2018-01-11 10:03:33', '2018-01-12 09:35:51', '2018-01-13 09:45:04', '2018-01-25 10:51:29', '2018-01-25 10:53:16', '2018-02-05 10:35:39', '2018-02-05 10:38:23', 'finishing', '2018-02-05 10:38:27', 'finishing', '2018-02-05 10:39:50', 'packaging', '2018-02-05 10:39:52', 'packaging', 14),
(39, 'SN090120182225', '2018-01-09 09:55:50', 'production', '2018-01-09 09:57:39', 'F838', '2018-01-09 09:57:57', '2018-01-11 09:53:30', '2018-01-12 09:37:21', '2018-01-13 09:42:03', '2018-01-25 10:55:51', '2018-02-05 10:45:03', '2018-02-05 10:46:44', '2018-02-07 07:59:14', '2018-02-07 08:02:04', 'finishing', '2018-02-07 08:02:09', 'finishing', '2018-02-07 08:02:58', 'packaging', '2018-02-07 08:03:01', 'packaging', 14),
(40, 'SN100120181455', '2018-01-10 02:26:45', 'production', '2018-01-10 02:36:31', 'F848', '2018-01-10 02:38:19', '2018-01-11 09:51:47', '2018-01-11 09:58:02', '2018-01-12 09:34:54', '2018-01-12 09:39:25', '2018-01-13 09:37:54', '2018-01-13 09:40:27', '2018-01-25 10:52:08', '2018-01-25 11:14:52', 'finishing', '2018-01-25 11:14:55', 'finishing', '2018-01-25 11:15:39', 'packaging', '2018-01-25 11:15:42', 'packaging', 14),
(41, 'SN180120182208', '2018-01-18 14:09:17', 'production', '2018-01-18 14:11:28', 'F848', '2018-01-18 14:12:06', '2018-02-05 10:43:04', '2018-02-05 10:44:08', '2018-02-07 07:56:22', '2018-02-07 07:58:00', '2018-02-08 10:59:51', '2018-02-08 11:00:32', '2018-02-09 09:37:27', '2018-02-09 23:39:09', 'finishing', '2018-02-09 23:39:15', 'finishing', '2018-02-09 23:39:57', 'packaging', '2018-02-09 23:40:00', 'packaging', 14),
(42, 'SN070220182212', '2018-02-07 09:50:18', 'production', '2018-02-07 09:50:55', 'F848', '2018-02-07 09:51:04', '2018-02-08 11:02:21', '2018-02-08 11:11:52', '2018-02-09 09:38:48', '2018-02-09 09:40:59', '2018-02-10 01:15:57', '2018-02-10 08:27:07', '2018-02-10 09:38:26', '2018-02-10 09:45:43', 'finishing', '2018-02-10 09:45:47', 'finishing', '2018-02-10 09:49:58', 'packaging', '2018-02-10 09:50:01', 'packaging', 14),
(43, 'SN070220132223', '2018-02-07 09:55:22', 'production', '2018-02-07 09:56:02', 'F838', '2018-02-07 09:56:08', '2018-02-08 11:03:56', '2018-02-08 11:18:54', '2018-02-09 09:39:31', '2018-02-09 09:42:36', '2018-02-10 08:24:56', '2018-02-10 08:30:04', '2018-02-10 09:37:17', '2018-02-10 09:46:51', 'finishing', '2018-02-10 09:46:54', 'finishing', '2018-02-10 09:50:55', 'packaging', '2018-02-10 09:50:57', 'packaging', 14),
(44, 'SN100220182102', '2018-02-10 08:32:51', 'production', '2018-02-10 08:36:04', 'F848', '2018-02-10 08:36:20', '2018-02-10 11:18:40', '2018-02-10 11:38:37', '2018-02-11 01:27:31', '2018-02-11 01:38:36', '2018-02-11 10:51:41', '2018-02-11 10:52:27', '2018-02-12 09:52:55', '2018-02-12 09:55:21', 'finishing', '2018-02-12 09:55:25', 'finishing', '2018-02-12 09:56:32', 'packaging', '2018-02-12 09:56:34', 'packaging', 14),
(45, 'SN100220182104', '2018-02-10 08:34:32', 'production', '2018-02-10 08:37:54', 'F838', '2018-02-10 08:38:06', '2018-02-10 11:19:53', '2018-02-10 11:41:19', '2018-02-11 01:28:16', '2018-02-11 01:39:59', '2018-02-11 10:53:00', '2018-02-11 10:53:57', '2018-02-12 09:54:05', '2018-02-12 09:55:40', 'finishing', '2018-02-12 09:55:43', 'finishing', '2018-02-12 09:56:56', 'packaging', '2018-02-12 09:56:59', 'packaging', 14),
(46, 'SN110220181402', '2018-02-11 01:33:44', 'production', '2018-02-11 01:36:36', 'F848', '2018-02-11 01:36:50', '2018-02-11 10:54:57', '2018-02-11 10:55:58', '2018-02-12 09:57:32', '2018-02-12 09:58:52', '2018-02-14 00:24:04', '2018-02-14 00:29:28', '2018-02-16 21:56:58', '2018-02-16 21:59:14', 'finishing', '2018-02-16 21:59:21', 'finishing', '2018-02-16 22:00:02', 'packaging', '2018-02-16 22:00:07', 'packaging', 14),
(47, 'SN130220181247', '2018-02-13 00:17:54', 'production', '2018-02-13 00:20:01', 'F848', '2018-02-13 00:20:18', '2018-02-14 00:30:29', '2018-02-14 00:31:07', '2018-02-16 21:56:05', '2018-02-16 21:57:42', '2018-02-20 10:12:25', '2018-02-20 10:14:19', '2018-02-21 07:53:47', NULL, NULL, NULL, NULL, NULL, NULL, NULL, NULL, 10),
(48, 'SN130220181248', '2018-02-13 00:18:53', 'production', '2018-02-13 00:20:51', 'F838', '2018-02-13 00:21:05', '2018-02-14 00:31:58', '2018-02-14 00:32:49', '2018-02-16 22:00:56', '2018-02-16 22:01:49', '2018-02-20 10:15:28', '2018-02-20 10:16:00', '2018-02-21 07:54:16', NULL, NULL, NULL, NULL, NULL, NULL, NULL, NULL, 10),
(49, 'SN140220181303', '2018-02-14 00:34:31', 'production', '2018-02-14 00:35:49', 'F848', '2018-02-14 00:35:56', '2018-02-16 22:04:49', '2018-02-16 22:05:37', '2018-02-20 10:16:47', NULL, NULL, NULL, NULL, NULL, NULL, NULL, NULL, NULL, NULL, NULL, NULL, 6),
(50, 'SN140220181304', '2018-02-14 00:35:17', 'production', '2018-02-14 00:36:28', 'F838', '2018-02-14 00:36:34', '2018-02-16 22:05:57', '2018-02-16 22:06:55', '2018-02-20 10:17:34', NULL, NULL, NULL, NULL, NULL, NULL, NULL, NULL, NULL, NULL, NULL, NULL, 6),
(51, 'SN170220181037', '2018-02-16 22:08:14', 'production', '2018-02-16 22:10:00', 'F848', '2018-02-17 05:52:14', '2018-02-20 10:18:12', '2018-02-20 10:21:17', '2018-02-21 07:52:40', NULL, NULL, NULL, NULL, NULL, NULL, NULL, NULL, NULL, NULL, NULL, NULL, 6),
(52, 'SN170220181038', '2018-02-16 22:08:54', 'production', '2018-02-16 22:10:44', 'F838', '2018-02-16 22:10:55', '2018-02-20 10:20:12', '2018-02-20 10:22:46', '2018-02-21 07:53:03', NULL, NULL, NULL, NULL, NULL, NULL, NULL, NULL, NULL, NULL, NULL, NULL, 6),
(53, 'SN170220181553   ', '2018-02-17 03:25:02', 'production', NULL, NULL, NULL, NULL, NULL, NULL, NULL, NULL, NULL, NULL, NULL, NULL, NULL, NULL, NULL, NULL, NULL, NULL, 1),
(54, 'SN220220182210', '2018-02-22 09:41:40', 'production', '2018-02-22 09:42:27', 'F848', '2018-02-22 09:42:42', '2018-02-22 21:17:15', '2018-02-22 21:18:05', '2018-02-23 05:35:59', '2018-02-23 05:36:45', '2018-02-23 23:51:58', '2018-02-23 23:52:27', '2018-02-24 05:47:58', '2018-02-24 07:57:06', 'finishing', '2018-02-24 07:57:11', 'finishing', '2018-02-24 07:58:27', 'packaging', '2018-02-24 07:58:30', 'packaging', 14),
(55, 'SN220220182215', '2018-02-22 09:46:04', 'production', '2018-02-22 09:47:01', 'F838', '2018-02-22 09:47:08', '2018-02-22 21:18:51', '2018-02-22 21:19:36', '2018-02-23 05:38:01', '2018-02-23 05:39:55', '2018-02-23 23:52:45', '2018-02-23 23:53:09', '2018-02-24 05:48:44', '2018-02-24 07:57:30', 'finishing', '2018-02-24 07:57:32', 'finishing', '2018-02-24 07:58:51', 'packaging', '2018-02-24 07:58:53', 'packaging', 14),
(56, 'SN240220182023', '2018-02-24 07:53:37', 'production', '2018-02-24 07:54:56', 'F848', '2018-02-24 07:55:03', '2018-02-25 01:13:31', '2018-02-25 01:16:56', '2018-02-25 04:36:39', '2018-02-25 04:37:53', '2018-02-25 08:23:13', '2018-02-25 08:23:44', '2018-02-25 09:53:12', '2018-02-25 09:56:53', 'finishing', '2018-02-25 09:56:57', 'finishing', '2018-02-25 09:59:50', 'packaging', '2018-02-25 09:59:53', 'packaging', 14),
(57, 'SN240220182024', '2018-02-24 07:54:13', 'production', '2018-02-24 07:55:33', 'F838', '2018-02-24 07:55:41', '2018-02-25 01:15:35', '2018-02-25 01:17:45', '2018-02-25 04:38:27', '2018-02-25 04:39:19', '2018-02-25 08:24:13', '2018-02-25 08:24:48', '2018-02-25 09:53:56', '2018-02-25 09:57:22', 'finishing', '2018-02-25 09:57:26', 'finishing', '2018-02-25 10:00:30', 'packaging', '2018-02-25 10:00:34', 'packaging', 14),
(58, 'SN250220182245', '2018-02-25 10:15:47', 'PRODUCTION', '2018-02-25 10:17:11', 'F848', '2018-02-25 10:17:18', '2018-02-26 08:20:18', '2018-02-26 08:29:40', '2018-02-27 06:22:01', '2018-02-27 06:23:21', '2018-03-03 10:17:58', '2018-03-03 10:18:31', NULL, NULL, NULL, NULL, NULL, NULL, NULL, NULL, NULL, 9),
(59, 'SN250220182246', '2018-02-25 10:16:27', 'PRODUCTION', '2018-02-25 10:18:03', 'F838', '2018-02-25 10:18:10', '2018-02-26 08:18:30', '2018-02-26 08:19:21', '2018-02-27 06:23:51', '2018-02-27 06:24:52', '2018-03-03 10:19:22', '2018-03-03 10:19:54', NULL, NULL, NULL, NULL, NULL, NULL, NULL, NULL, NULL, 9),
(60, 'SN260220182050', '2018-02-26 08:21:30', 'production', '2018-02-26 08:22:35', 'F838', '2018-02-26 08:22:48', '2018-02-27 06:36:19', '2018-02-27 06:37:15', '2018-03-03 10:21:11', NULL, NULL, NULL, NULL, NULL, NULL, NULL, NULL, NULL, NULL, NULL, NULL, 6),
(61, 'SN260220182053', '2018-02-26 08:24:42', 'production', '2018-02-26 08:25:19', 'F848', '2018-02-26 08:25:27', '2018-02-27 06:25:26', '2018-02-27 06:35:46', '2018-03-03 10:20:45', NULL, NULL, NULL, NULL, NULL, NULL, NULL, NULL, NULL, NULL, NULL, NULL, 6);

-- --------------------------------------------------------

--
-- Table structure for table `usermsg`
--

CREATE TABLE IF NOT EXISTS `usermsg` (
  `UserID` int(11) NOT NULL AUTO_INCREMENT,
  `Name` varchar(256) NOT NULL,
  `Department` varchar(256) NOT NULL,
  `Phone` varchar(16) NOT NULL,
  `Email` varchar(256) NOT NULL,
  `BayDown` varchar(1024) NOT NULL,
  `PowerFailure` varchar(1024) NOT NULL,
  `UnitFailure` varchar(1024) NOT NULL,
  PRIMARY KEY (`UserID`)
) ENGINE=MyISAM  DEFAULT CHARSET=latin1 AUTO_INCREMENT=16 ;

--
-- Dumping data for table `usermsg`
--

INSERT INTO `usermsg` (`UserID`, `Name`, `Department`, `Phone`, `Email`, `BayDown`, `PowerFailure`, `UnitFailure`) VALUES
(1, 'mani', 'production', '8088798480', 'manikandan231280@gmail.com', 'no', 'yes', 'yes'),
(2, 'soma', 'logistics', '9972344888', 'soma@gmail.com', 'Yes', 'Yes', 'Yes');

-- --------------------------------------------------------

--
-- Table structure for table `users`
--

CREATE TABLE IF NOT EXISTS `users` (
  `UserID` int(11) NOT NULL AUTO_INCREMENT,
  `Username` varchar(50) CHARACTER SET utf8 NOT NULL,
  `Fullname` varchar(250) NOT NULL,
  `Email` varchar(50) NOT NULL,
  `Lastlogin` datetime DEFAULT NULL,
  `Role` varchar(255) DEFAULT NULL,
  `Bay` varchar(50) DEFAULT NULL,
  `System` varchar(50) DEFAULT NULL,
  `UserOnline` enum('online','offline') NOT NULL DEFAULT 'offline',
  `Password` varchar(200) NOT NULL,
  `SecuKy` varchar(50) NOT NULL,
  PRIMARY KEY (`UserID`)
) ENGINE=InnoDB  DEFAULT CHARSET=latin1 AUTO_INCREMENT=26 ;

--
-- Dumping data for table `users`
--

INSERT INTO `users` (`UserID`, `Username`, `Fullname`, `Email`, `Lastlogin`, `Role`, `Bay`, `System`, `UserOnline`, `Password`, `SecuKy`) VALUES
(14, 'F848', 'Hipot One', 'hipot1@schneider.com', '2018-02-27 08:30:43', 'testing', 'F848', 'hipot 1', 'offline', '2d443587492800dd0af1651534da2d9f', 'F848'),
(16, 'finishing', 'Finishing One', 'finishing@schneider.com', '2018-02-25 11:56:01', 'finishing', NULL, NULL, 'offline', '0c115e260619516ae760def05ae53567', 'finishing'),
(17, 'packaging', 'Packaging One', 'packaging@schneider.com', '2018-02-25 11:58:59', 'packaging', NULL, NULL, 'offline', '869b299375bab3ba9331a5ce61517631', 'packaging'),
(18, 'F838', 'Hipot Two', 'hipot2@schneider.com', '2018-02-27 08:36:15', 'testing', 'F838', 'hipot 2', 'offline', 'ea850be03bfed5b52fadd560fd15994a', 'F838'),
(19, 'FT1347', 'Low Power One', 'lowpower1@schneider.com', '2018-03-03 12:20:42', 'testing', 'FT1347', 'low power 1', 'offline', '52b812d61056aa81a4b3ebb68875db9e', 'FT1347'),
(20, 'FT1363', 'Low Power Two', 'lowpower2@schneider.com', '2018-03-03 12:21:08', 'testing', 'FT1363', 'low power 2', 'offline', 'eb549a68f55b201da0a3f8264fdbb207', 'FT1363'),
(23, 'FT1346', 'FCT One', 'fct1@schneider.com', '2018-03-03 12:17:54', 'testing', 'FT1346', 'fct 1', 'offline', '9d079da5dec0070da69a22092410c3bd', 'FT1346'),
(24, 'FT1362', 'FCT Two', 'fct2@schneider.com', '2018-03-03 12:19:15', 'testing', 'FT1362', 'fct 2', 'offline', 'c234555651a2ecf377ac654c12c5c165', 'FT1362'),
(25, 'production', 'Production user', 'production@schneider-electric.com', '2018-02-26 10:24:25', 'production', NULL, NULL, 'offline', 'fd89784e59c72499525556f80289b2c7', 'production');

/*!40101 SET CHARACTER_SET_CLIENT=@OLD_CHARACTER_SET_CLIENT */;
/*!40101 SET CHARACTER_SET_RESULTS=@OLD_CHARACTER_SET_RESULTS */;
/*!40101 SET COLLATION_CONNECTION=@OLD_COLLATION_CONNECTION */;
